ElapsedTime(s)	70	EstimatedLatency(ms)	N/A	Trials	64
ElapsedTime(s)	140	EstimatedLatency(ms)	N/A	Trials	128
ElapsedTime(s)	181	EstimatedLatency(ms)	N/A	Trials	192
ElapsedTime(s)	236	EstimatedLatency(ms)	N/A	Trials	256
ElapsedTime(s)	280	EstimatedLatency(ms)	N/A	Trials	320
ElapsedTime(s)	326	EstimatedLatency(ms)	N/A	Trials	384
ElapsedTime(s)	348	EstimatedLatency(ms)	N/A	Trials	448
ElapsedTime(s)	397	EstimatedLatency(ms)	N/A	Trials	512
ElapsedTime(s)	448	EstimatedLatency(ms)	N/A	Trials	576
ElapsedTime(s)	496	EstimatedLatency(ms)	N/A	Trials	640
ElapsedTime(s)	540	EstimatedLatency(ms)	N/A	Trials	704
ElapsedTime(s)	582	EstimatedLatency(ms)	N/A	Trials	768
ElapsedTime(s)	637	EstimatedLatency(ms)	N/A	Trials	832
ElapsedTime(s)	676	EstimatedLatency(ms)	N/A	Trials	896
ElapsedTime(s)	748	EstimatedLatency(ms)	N/A	Trials	960
ElapsedTime(s)	798	EstimatedLatency(ms)	N/A	Trials	1024
ElapsedTime(s)	846	EstimatedLatency(ms)	N/A	Trials	1088
ElapsedTime(s)	861	EstimatedLatency(ms)	N/A	Trials	1112
ElapsedTime(s)	921	EstimatedLatency(ms)	N/A	Trials	1176
ElapsedTime(s)	968	EstimatedLatency(ms)	N/A	Trials	1240
ElapsedTime(s)	1006	EstimatedLatency(ms)	N/A	Trials	1304
ElapsedTime(s)	1059	EstimatedLatency(ms)	N/A	Trials	1368
ElapsedTime(s)	1098	EstimatedLatency(ms)	N/A	Trials	1432
ElapsedTime(s)	1127	EstimatedLatency(ms)	N/A	Trials	1496
ElapsedTime(s)	1196	EstimatedLatency(ms)	N/A	Trials	1560
ElapsedTime(s)	1260	EstimatedLatency(ms)	N/A	Trials	1624
ElapsedTime(s)	1301	EstimatedLatency(ms)	N/A	Trials	1688
ElapsedTime(s)	1346	EstimatedLatency(ms)	N/A	Trials	1752
ElapsedTime(s)	1387	EstimatedLatency(ms)	N/A	Trials	1816
ElapsedTime(s)	1433	EstimatedLatency(ms)	N/A	Trials	1880
ElapsedTime(s)	1477	EstimatedLatency(ms)	N/A	Trials	1944
ElapsedTime(s)	1531	EstimatedLatency(ms)	N/A	Trials	2008
ElapsedTime(s)	1574	EstimatedLatency(ms)	N/A	Trials	2072
ElapsedTime(s)	1614	EstimatedLatency(ms)	N/A	Trials	2136
ElapsedTime(s)	1655	EstimatedLatency(ms)	N/A	Trials	2200
ElapsedTime(s)	1700	EstimatedLatency(ms)	N/A	Trials	2264
ElapsedTime(s)	1746	EstimatedLatency(ms)	N/A	Trials	2328
ElapsedTime(s)	1790	EstimatedLatency(ms)	N/A	Trials	2392
ElapsedTime(s)	1834	EstimatedLatency(ms)	N/A	Trials	2456
ElapsedTime(s)	1873	EstimatedLatency(ms)	N/A	Trials	2520
ElapsedTime(s)	1911	EstimatedLatency(ms)	N/A	Trials	2584
ElapsedTime(s)	1959	EstimatedLatency(ms)	N/A	Trials	2648
ElapsedTime(s)	2002	EstimatedLatency(ms)	N/A	Trials	2712
ElapsedTime(s)	2049	EstimatedLatency(ms)	N/A	Trials	2776
ElapsedTime(s)	2092	EstimatedLatency(ms)	N/A	Trials	2840
ElapsedTime(s)	2132	EstimatedLatency(ms)	N/A	Trials	2904
ElapsedTime(s)	2173	EstimatedLatency(ms)	N/A	Trials	2968
ElapsedTime(s)	2212	EstimatedLatency(ms)	N/A	Trials	3032
ElapsedTime(s)	2276	EstimatedLatency(ms)	N/A	Trials	3096
ElapsedTime(s)	2317	EstimatedLatency(ms)	N/A	Trials	3160
ElapsedTime(s)	2358	EstimatedLatency(ms)	N/A	Trials	3224
ElapsedTime(s)	2414	EstimatedLatency(ms)	N/A	Trials	3288
ElapsedTime(s)	2459	EstimatedLatency(ms)	N/A	Trials	3352
ElapsedTime(s)	2505	EstimatedLatency(ms)	N/A	Trials	3416
ElapsedTime(s)	2549	EstimatedLatency(ms)	N/A	Trials	3480
ElapsedTime(s)	2589	EstimatedLatency(ms)	N/A	Trials	3544
ElapsedTime(s)	2630	EstimatedLatency(ms)	N/A	Trials	3608
ElapsedTime(s)	2686	EstimatedLatency(ms)	N/A	Trials	3672
ElapsedTime(s)	2725	EstimatedLatency(ms)	N/A	Trials	3736
ElapsedTime(s)	2766	EstimatedLatency(ms)	N/A	Trials	3800
ElapsedTime(s)	2805	EstimatedLatency(ms)	N/A	Trials	3864
ElapsedTime(s)	2847	EstimatedLatency(ms)	N/A	Trials	3928
ElapsedTime(s)	2885	EstimatedLatency(ms)	N/A	Trials	3992
ElapsedTime(s)	2924	EstimatedLatency(ms)	N/A	Trials	4056
ElapsedTime(s)	2974	EstimatedLatency(ms)	N/A	Trials	4120
ElapsedTime(s)	3014	EstimatedLatency(ms)	N/A	Trials	4184
ElapsedTime(s)	3067	EstimatedLatency(ms)	N/A	Trials	4248
ElapsedTime(s)	3122	EstimatedLatency(ms)	N/A	Trials	4312
ElapsedTime(s)	3182	EstimatedLatency(ms)	N/A	Trials	4376
ElapsedTime(s)	3227	EstimatedLatency(ms)	N/A	Trials	4440
ElapsedTime(s)	3276	EstimatedLatency(ms)	N/A	Trials	4504
ElapsedTime(s)	3326	EstimatedLatency(ms)	N/A	Trials	4568
ElapsedTime(s)	3370	EstimatedLatency(ms)	N/A	Trials	4632
ElapsedTime(s)	3415	EstimatedLatency(ms)	N/A	Trials	4696
ElapsedTime(s)	3460	EstimatedLatency(ms)	N/A	Trials	4760
ElapsedTime(s)	3498	EstimatedLatency(ms)	N/A	Trials	4824
ElapsedTime(s)	3539	EstimatedLatency(ms)	N/A	Trials	4888
ElapsedTime(s)	3583	EstimatedLatency(ms)	N/A	Trials	4952
ElapsedTime(s)	3626	EstimatedLatency(ms)	N/A	Trials	5016
ElapsedTime(s)	3668	EstimatedLatency(ms)	N/A	Trials	5080
ElapsedTime(s)	3717	EstimatedLatency(ms)	N/A	Trials	5144
ElapsedTime(s)	3757	EstimatedLatency(ms)	N/A	Trials	5208
ElapsedTime(s)	3807	EstimatedLatency(ms)	N/A	Trials	5272
ElapsedTime(s)	3851	EstimatedLatency(ms)	N/A	Trials	5336
ElapsedTime(s)	3890	EstimatedLatency(ms)	N/A	Trials	5400
ElapsedTime(s)	3942	EstimatedLatency(ms)	N/A	Trials	5464
ElapsedTime(s)	3990	EstimatedLatency(ms)	N/A	Trials	5528
ElapsedTime(s)	4029	EstimatedLatency(ms)	N/A	Trials	5592
ElapsedTime(s)	4078	EstimatedLatency(ms)	N/A	Trials	5656
ElapsedTime(s)	4138	EstimatedLatency(ms)	N/A	Trials	5720
ElapsedTime(s)	4178	EstimatedLatency(ms)	N/A	Trials	5784
ElapsedTime(s)	4219	EstimatedLatency(ms)	N/A	Trials	5848
ElapsedTime(s)	4262	EstimatedLatency(ms)	N/A	Trials	5912
ElapsedTime(s)	4309	EstimatedLatency(ms)	N/A	Trials	5976
ElapsedTime(s)	4370	EstimatedLatency(ms)	N/A	Trials	6040
ElapsedTime(s)	4413	EstimatedLatency(ms)	N/A	Trials	6104
ElapsedTime(s)	4461	EstimatedLatency(ms)	N/A	Trials	6168
ElapsedTime(s)	4508	EstimatedLatency(ms)	N/A	Trials	6232
ElapsedTime(s)	4549	EstimatedLatency(ms)	N/A	Trials	6296
ElapsedTime(s)	4591	EstimatedLatency(ms)	N/A	Trials	6360
ElapsedTime(s)	4632	EstimatedLatency(ms)	N/A	Trials	6424
ElapsedTime(s)	4680	EstimatedLatency(ms)	N/A	Trials	6488
ElapsedTime(s)	4726	EstimatedLatency(ms)	N/A	Trials	6552
ElapsedTime(s)	4770	EstimatedLatency(ms)	N/A	Trials	6616
ElapsedTime(s)	4812	EstimatedLatency(ms)	N/A	Trials	6680
ElapsedTime(s)	4861	EstimatedLatency(ms)	N/A	Trials	6744
ElapsedTime(s)	4919	EstimatedLatency(ms)	N/A	Trials	6808
ElapsedTime(s)	4964	EstimatedLatency(ms)	N/A	Trials	6872
ElapsedTime(s)	5010	EstimatedLatency(ms)	N/A	Trials	6936
ElapsedTime(s)	5070	EstimatedLatency(ms)	N/A	Trials	7000
ElapsedTime(s)	5126	EstimatedLatency(ms)	N/A	Trials	7064
ElapsedTime(s)	5180	EstimatedLatency(ms)	N/A	Trials	7128
ElapsedTime(s)	5222	EstimatedLatency(ms)	N/A	Trials	7192
ElapsedTime(s)	5266	EstimatedLatency(ms)	N/A	Trials	7256
ElapsedTime(s)	5328	EstimatedLatency(ms)	N/A	Trials	7320
ElapsedTime(s)	5391	EstimatedLatency(ms)	N/A	Trials	7384
ElapsedTime(s)	5446	EstimatedLatency(ms)	N/A	Trials	7448
ElapsedTime(s)	5491	EstimatedLatency(ms)	N/A	Trials	7512
ElapsedTime(s)	5536	EstimatedLatency(ms)	N/A	Trials	7576
ElapsedTime(s)	5578	EstimatedLatency(ms)	N/A	Trials	7640
ElapsedTime(s)	5622	EstimatedLatency(ms)	N/A	Trials	7704
ElapsedTime(s)	5669	EstimatedLatency(ms)	N/A	Trials	7768
ElapsedTime(s)	5718	EstimatedLatency(ms)	N/A	Trials	7832
ElapsedTime(s)	5771	EstimatedLatency(ms)	N/A	Trials	7896
ElapsedTime(s)	5820	EstimatedLatency(ms)	N/A	Trials	7960
ElapsedTime(s)	5865	EstimatedLatency(ms)	N/A	Trials	8024
ElapsedTime(s)	5908	EstimatedLatency(ms)	N/A	Trials	8088
ElapsedTime(s)	5965	EstimatedLatency(ms)	N/A	Trials	8152
ElapsedTime(s)	6011	EstimatedLatency(ms)	N/A	Trials	8216
ElapsedTime(s)	6055	EstimatedLatency(ms)	N/A	Trials	8280
ElapsedTime(s)	6094	EstimatedLatency(ms)	N/A	Trials	8344
ElapsedTime(s)	6135	EstimatedLatency(ms)	N/A	Trials	8408
ElapsedTime(s)	6181	EstimatedLatency(ms)	N/A	Trials	8472
ElapsedTime(s)	6234	EstimatedLatency(ms)	N/A	Trials	8536
ElapsedTime(s)	6278	EstimatedLatency(ms)	N/A	Trials	8600
ElapsedTime(s)	6321	EstimatedLatency(ms)	N/A	Trials	8664
ElapsedTime(s)	6363	EstimatedLatency(ms)	N/A	Trials	8728
ElapsedTime(s)	6428	EstimatedLatency(ms)	N/A	Trials	8792
ElapsedTime(s)	6473	EstimatedLatency(ms)	N/A	Trials	8856
ElapsedTime(s)	6512	EstimatedLatency(ms)	N/A	Trials	8920
ElapsedTime(s)	6551	EstimatedLatency(ms)	N/A	Trials	8984
ElapsedTime(s)	6598	EstimatedLatency(ms)	N/A	Trials	9048
ElapsedTime(s)	6643	EstimatedLatency(ms)	N/A	Trials	9112
ElapsedTime(s)	6687	EstimatedLatency(ms)	N/A	Trials	9176
ElapsedTime(s)	6729	EstimatedLatency(ms)	N/A	Trials	9240
ElapsedTime(s)	6784	EstimatedLatency(ms)	N/A	Trials	9304
ElapsedTime(s)	6827	EstimatedLatency(ms)	N/A	Trials	9368
ElapsedTime(s)	6879	EstimatedLatency(ms)	N/A	Trials	9432
ElapsedTime(s)	6923	EstimatedLatency(ms)	N/A	Trials	9496
ElapsedTime(s)	6988	EstimatedLatency(ms)	N/A	Trials	9560
ElapsedTime(s)	7036	EstimatedLatency(ms)	N/A	Trials	9624
ElapsedTime(s)	7082	EstimatedLatency(ms)	N/A	Trials	9688
ElapsedTime(s)	7125	EstimatedLatency(ms)	N/A	Trials	9752
ElapsedTime(s)	7187	EstimatedLatency(ms)	N/A	Trials	9816
ElapsedTime(s)	7238	EstimatedLatency(ms)	N/A	Trials	9880
ElapsedTime(s)	7287	EstimatedLatency(ms)	N/A	Trials	9944
ElapsedTime(s)	7335	EstimatedLatency(ms)	N/A	Trials	10008
ElapsedTime(s)	7378	EstimatedLatency(ms)	N/A	Trials	10072
ElapsedTime(s)	7419	EstimatedLatency(ms)	N/A	Trials	10136
ElapsedTime(s)	7476	EstimatedLatency(ms)	N/A	Trials	10200
ElapsedTime(s)	7525	EstimatedLatency(ms)	N/A	Trials	10264
ElapsedTime(s)	7584	EstimatedLatency(ms)	N/A	Trials	10328
ElapsedTime(s)	7640	EstimatedLatency(ms)	N/A	Trials	10392
