ElapsedTime(s)	45	EstimatedLatency(ms)	N/A	Trials	64
ElapsedTime(s)	91	EstimatedLatency(ms)	N/A	Trials	128
ElapsedTime(s)	169	EstimatedLatency(ms)	N/A	Trials	192
ElapsedTime(s)	210	EstimatedLatency(ms)	N/A	Trials	256
ElapsedTime(s)	245	EstimatedLatency(ms)	N/A	Trials	320
ElapsedTime(s)	292	EstimatedLatency(ms)	N/A	Trials	384
ElapsedTime(s)	350	EstimatedLatency(ms)	N/A	Trials	448
ElapsedTime(s)	370	EstimatedLatency(ms)	N/A	Trials	512
ElapsedTime(s)	409	EstimatedLatency(ms)	N/A	Trials	576
ElapsedTime(s)	433	EstimatedLatency(ms)	N/A	Trials	592
ElapsedTime(s)	481	EstimatedLatency(ms)	N/A	Trials	656
ElapsedTime(s)	523	EstimatedLatency(ms)	N/A	Trials	720
ElapsedTime(s)	563	EstimatedLatency(ms)	N/A	Trials	784
ElapsedTime(s)	615	EstimatedLatency(ms)	N/A	Trials	848
ElapsedTime(s)	666	EstimatedLatency(ms)	N/A	Trials	912
ElapsedTime(s)	706	EstimatedLatency(ms)	N/A	Trials	976
ElapsedTime(s)	758	EstimatedLatency(ms)	N/A	Trials	1040
ElapsedTime(s)	805	EstimatedLatency(ms)	N/A	Trials	1104
ElapsedTime(s)	849	EstimatedLatency(ms)	N/A	Trials	1168
ElapsedTime(s)	888	EstimatedLatency(ms)	N/A	Trials	1232
ElapsedTime(s)	932	EstimatedLatency(ms)	N/A	Trials	1296
ElapsedTime(s)	987	EstimatedLatency(ms)	N/A	Trials	1360
ElapsedTime(s)	1128	EstimatedLatency(ms)	N/A	Trials	1424
ElapsedTime(s)	1153	EstimatedLatency(ms)	N/A	Trials	1440
ElapsedTime(s)	1189	EstimatedLatency(ms)	N/A	Trials	1504
ElapsedTime(s)	1226	EstimatedLatency(ms)	N/A	Trials	1568
ElapsedTime(s)	1270	EstimatedLatency(ms)	N/A	Trials	1632
ElapsedTime(s)	1310	EstimatedLatency(ms)	N/A	Trials	1696
ElapsedTime(s)	1346	EstimatedLatency(ms)	N/A	Trials	1760
ElapsedTime(s)	1472	EstimatedLatency(ms)	N/A	Trials	1824
ElapsedTime(s)	1522	EstimatedLatency(ms)	N/A	Trials	1888
ElapsedTime(s)	1579	EstimatedLatency(ms)	N/A	Trials	1952
ElapsedTime(s)	1632	EstimatedLatency(ms)	N/A	Trials	2016
ElapsedTime(s)	1671	EstimatedLatency(ms)	N/A	Trials	2080
ElapsedTime(s)	1733	EstimatedLatency(ms)	N/A	Trials	2144
ElapsedTime(s)	1765	EstimatedLatency(ms)	N/A	Trials	2168
ElapsedTime(s)	1820	EstimatedLatency(ms)	N/A	Trials	2232
ElapsedTime(s)	1854	EstimatedLatency(ms)	N/A	Trials	2296
ElapsedTime(s)	1892	EstimatedLatency(ms)	N/A	Trials	2360
ElapsedTime(s)	1931	EstimatedLatency(ms)	N/A	Trials	2424
ElapsedTime(s)	1967	EstimatedLatency(ms)	N/A	Trials	2488
ElapsedTime(s)	2030	EstimatedLatency(ms)	N/A	Trials	2552
ElapsedTime(s)	2085	EstimatedLatency(ms)	N/A	Trials	2616
ElapsedTime(s)	2136	EstimatedLatency(ms)	N/A	Trials	2680
ElapsedTime(s)	2173	EstimatedLatency(ms)	N/A	Trials	2744
ElapsedTime(s)	2223	EstimatedLatency(ms)	N/A	Trials	2808
ElapsedTime(s)	2264	EstimatedLatency(ms)	N/A	Trials	2872
ElapsedTime(s)	2286	EstimatedLatency(ms)	N/A	Trials	2888
ElapsedTime(s)	2341	EstimatedLatency(ms)	N/A	Trials	2952
ElapsedTime(s)	2396	EstimatedLatency(ms)	N/A	Trials	3016
ElapsedTime(s)	2451	EstimatedLatency(ms)	N/A	Trials	3080
ElapsedTime(s)	2501	EstimatedLatency(ms)	N/A	Trials	3144
ElapsedTime(s)	2636	EstimatedLatency(ms)	N/A	Trials	3208
ElapsedTime(s)	2761	EstimatedLatency(ms)	N/A	Trials	3272
ElapsedTime(s)	2785	EstimatedLatency(ms)	N/A	Trials	3288
ElapsedTime(s)	2833	EstimatedLatency(ms)	N/A	Trials	3352
ElapsedTime(s)	2892	EstimatedLatency(ms)	N/A	Trials	3416
ElapsedTime(s)	3018	EstimatedLatency(ms)	N/A	Trials	3480
ElapsedTime(s)	3075	EstimatedLatency(ms)	N/A	Trials	3544
ElapsedTime(s)	3116	EstimatedLatency(ms)	N/A	Trials	3608
ElapsedTime(s)	3174	EstimatedLatency(ms)	N/A	Trials	3672
ElapsedTime(s)	3236	EstimatedLatency(ms)	N/A	Trials	3736
ElapsedTime(s)	3369	EstimatedLatency(ms)	N/A	Trials	3800
ElapsedTime(s)	3494	EstimatedLatency(ms)	N/A	Trials	3864
ElapsedTime(s)	3542	EstimatedLatency(ms)	N/A	Trials	3928
ElapsedTime(s)	3575	EstimatedLatency(ms)	N/A	Trials	3992
ElapsedTime(s)	3625	EstimatedLatency(ms)	N/A	Trials	4056
ElapsedTime(s)	3681	EstimatedLatency(ms)	N/A	Trials	4120
ElapsedTime(s)	3724	EstimatedLatency(ms)	N/A	Trials	4184
ElapsedTime(s)	3770	EstimatedLatency(ms)	N/A	Trials	4248
ElapsedTime(s)	3814	EstimatedLatency(ms)	N/A	Trials	4312
ElapsedTime(s)	3859	EstimatedLatency(ms)	N/A	Trials	4376
ElapsedTime(s)	3904	EstimatedLatency(ms)	N/A	Trials	4440
ElapsedTime(s)	3967	EstimatedLatency(ms)	N/A	Trials	4504
ElapsedTime(s)	4001	EstimatedLatency(ms)	N/A	Trials	4568
ElapsedTime(s)	4143	EstimatedLatency(ms)	N/A	Trials	4632
ElapsedTime(s)	4198	EstimatedLatency(ms)	N/A	Trials	4696
ElapsedTime(s)	4244	EstimatedLatency(ms)	N/A	Trials	4760
ElapsedTime(s)	4386	EstimatedLatency(ms)	N/A	Trials	4824
ElapsedTime(s)	4437	EstimatedLatency(ms)	N/A	Trials	4888
ElapsedTime(s)	4472	EstimatedLatency(ms)	N/A	Trials	4952
ElapsedTime(s)	4603	EstimatedLatency(ms)	N/A	Trials	5016
ElapsedTime(s)	4663	EstimatedLatency(ms)	N/A	Trials	5080
ElapsedTime(s)	4725	EstimatedLatency(ms)	N/A	Trials	5144
ElapsedTime(s)	4772	EstimatedLatency(ms)	N/A	Trials	5208
ElapsedTime(s)	4820	EstimatedLatency(ms)	N/A	Trials	5272
ElapsedTime(s)	4858	EstimatedLatency(ms)	N/A	Trials	5336
ElapsedTime(s)	4912	EstimatedLatency(ms)	N/A	Trials	5400
ElapsedTime(s)	4956	EstimatedLatency(ms)	N/A	Trials	5464
ElapsedTime(s)	5092	EstimatedLatency(ms)	N/A	Trials	5528
ElapsedTime(s)	5136	EstimatedLatency(ms)	N/A	Trials	5592
ElapsedTime(s)	5183	EstimatedLatency(ms)	N/A	Trials	5656
ElapsedTime(s)	5233	EstimatedLatency(ms)	N/A	Trials	5720
ElapsedTime(s)	5282	EstimatedLatency(ms)	N/A	Trials	5784
ElapsedTime(s)	5336	EstimatedLatency(ms)	N/A	Trials	5848
ElapsedTime(s)	5403	EstimatedLatency(ms)	N/A	Trials	5912
ElapsedTime(s)	5447	EstimatedLatency(ms)	N/A	Trials	5976
ElapsedTime(s)	5583	EstimatedLatency(ms)	N/A	Trials	6040
ElapsedTime(s)	5628	EstimatedLatency(ms)	N/A	Trials	6104
ElapsedTime(s)	5674	EstimatedLatency(ms)	N/A	Trials	6168
ElapsedTime(s)	5727	EstimatedLatency(ms)	N/A	Trials	6232
ElapsedTime(s)	5863	EstimatedLatency(ms)	N/A	Trials	6296
ElapsedTime(s)	5993	EstimatedLatency(ms)	N/A	Trials	6360
ElapsedTime(s)	6048	EstimatedLatency(ms)	N/A	Trials	6424
ElapsedTime(s)	6104	EstimatedLatency(ms)	N/A	Trials	6488
ElapsedTime(s)	6138	EstimatedLatency(ms)	N/A	Trials	6552
ElapsedTime(s)	6183	EstimatedLatency(ms)	N/A	Trials	6616
ElapsedTime(s)	6243	EstimatedLatency(ms)	N/A	Trials	6680
ElapsedTime(s)	6282	EstimatedLatency(ms)	N/A	Trials	6744
ElapsedTime(s)	6335	EstimatedLatency(ms)	N/A	Trials	6808
ElapsedTime(s)	6383	EstimatedLatency(ms)	N/A	Trials	6872
ElapsedTime(s)	6431	EstimatedLatency(ms)	N/A	Trials	6936
ElapsedTime(s)	6477	EstimatedLatency(ms)	N/A	Trials	7000
ElapsedTime(s)	6524	EstimatedLatency(ms)	N/A	Trials	7064
ElapsedTime(s)	6580	EstimatedLatency(ms)	N/A	Trials	7128
ElapsedTime(s)	6626	EstimatedLatency(ms)	N/A	Trials	7192
ElapsedTime(s)	6666	EstimatedLatency(ms)	N/A	Trials	7256
ElapsedTime(s)	6717	EstimatedLatency(ms)	N/A	Trials	7320
ElapsedTime(s)	6852	EstimatedLatency(ms)	N/A	Trials	7384
ElapsedTime(s)	6995	EstimatedLatency(ms)	N/A	Trials	7448
ElapsedTime(s)	7046	EstimatedLatency(ms)	N/A	Trials	7512
ElapsedTime(s)	7091	EstimatedLatency(ms)	N/A	Trials	7576
ElapsedTime(s)	7149	EstimatedLatency(ms)	N/A	Trials	7640
ElapsedTime(s)	7205	EstimatedLatency(ms)	N/A	Trials	7704
ElapsedTime(s)	7250	EstimatedLatency(ms)	N/A	Trials	7768
ElapsedTime(s)	7308	EstimatedLatency(ms)	N/A	Trials	7832
ElapsedTime(s)	7355	EstimatedLatency(ms)	N/A	Trials	7896
ElapsedTime(s)	7400	EstimatedLatency(ms)	N/A	Trials	7960
ElapsedTime(s)	7450	EstimatedLatency(ms)	N/A	Trials	8024
ElapsedTime(s)	7490	EstimatedLatency(ms)	N/A	Trials	8088
ElapsedTime(s)	7615	EstimatedLatency(ms)	N/A	Trials	8152
ElapsedTime(s)	7658	EstimatedLatency(ms)	N/A	Trials	8216
ElapsedTime(s)	7788	EstimatedLatency(ms)	N/A	Trials	8280
ElapsedTime(s)	7916	EstimatedLatency(ms)	N/A	Trials	8344
ElapsedTime(s)	8060	EstimatedLatency(ms)	N/A	Trials	8408
ElapsedTime(s)	8112	EstimatedLatency(ms)	N/A	Trials	8472
ElapsedTime(s)	8163	EstimatedLatency(ms)	N/A	Trials	8536
ElapsedTime(s)	8199	EstimatedLatency(ms)	N/A	Trials	8600
ElapsedTime(s)	8246	EstimatedLatency(ms)	N/A	Trials	8664
ElapsedTime(s)	8309	EstimatedLatency(ms)	N/A	Trials	8728
ElapsedTime(s)	8359	EstimatedLatency(ms)	N/A	Trials	8792
ElapsedTime(s)	8404	EstimatedLatency(ms)	N/A	Trials	8856
ElapsedTime(s)	8439	EstimatedLatency(ms)	N/A	Trials	8920
ElapsedTime(s)	8479	EstimatedLatency(ms)	N/A	Trials	8984
ElapsedTime(s)	8529	EstimatedLatency(ms)	N/A	Trials	9048
ElapsedTime(s)	8666	EstimatedLatency(ms)	N/A	Trials	9112
ElapsedTime(s)	8704	EstimatedLatency(ms)	N/A	Trials	9176
ElapsedTime(s)	8744	EstimatedLatency(ms)	N/A	Trials	9240
ElapsedTime(s)	8795	EstimatedLatency(ms)	N/A	Trials	9304
ElapsedTime(s)	8842	EstimatedLatency(ms)	N/A	Trials	9368
ElapsedTime(s)	8968	EstimatedLatency(ms)	N/A	Trials	9432
ElapsedTime(s)	9017	EstimatedLatency(ms)	N/A	Trials	9496
ElapsedTime(s)	9057	EstimatedLatency(ms)	N/A	Trials	9560
ElapsedTime(s)	9096	EstimatedLatency(ms)	N/A	Trials	9624
ElapsedTime(s)	9141	EstimatedLatency(ms)	N/A	Trials	9688
ElapsedTime(s)	9202	EstimatedLatency(ms)	N/A	Trials	9752
ElapsedTime(s)	9251	EstimatedLatency(ms)	N/A	Trials	9816
ElapsedTime(s)	9295	EstimatedLatency(ms)	N/A	Trials	9880
ElapsedTime(s)	9346	EstimatedLatency(ms)	N/A	Trials	9944
ElapsedTime(s)	9483	EstimatedLatency(ms)	N/A	Trials	10008
ElapsedTime(s)	9518	EstimatedLatency(ms)	N/A	Trials	10072
ElapsedTime(s)	9565	EstimatedLatency(ms)	N/A	Trials	10136
ElapsedTime(s)	9616	EstimatedLatency(ms)	N/A	Trials	10200
ElapsedTime(s)	9751	EstimatedLatency(ms)	N/A	Trials	10264
ElapsedTime(s)	9801	EstimatedLatency(ms)	N/A	Trials	10328
ElapsedTime(s)	9837	EstimatedLatency(ms)	N/A	Trials	10392
ElapsedTime(s)	9890	EstimatedLatency(ms)	N/A	Trials	10456
ElapsedTime(s)	9954	EstimatedLatency(ms)	N/A	Trials	10520
ElapsedTime(s)	10004	EstimatedLatency(ms)	N/A	Trials	10584
ElapsedTime(s)	10051	EstimatedLatency(ms)	N/A	Trials	10648
ElapsedTime(s)	10101	EstimatedLatency(ms)	N/A	Trials	10712
ElapsedTime(s)	10148	EstimatedLatency(ms)	N/A	Trials	10776
ElapsedTime(s)	10190	EstimatedLatency(ms)	N/A	Trials	10840
ElapsedTime(s)	10333	EstimatedLatency(ms)	N/A	Trials	10904
ElapsedTime(s)	10458	EstimatedLatency(ms)	N/A	Trials	10968
ElapsedTime(s)	10505	EstimatedLatency(ms)	N/A	Trials	11032
ElapsedTime(s)	10551	EstimatedLatency(ms)	N/A	Trials	11096
ElapsedTime(s)	10609	EstimatedLatency(ms)	N/A	Trials	11160
ElapsedTime(s)	10652	EstimatedLatency(ms)	N/A	Trials	11224
ElapsedTime(s)	10702	EstimatedLatency(ms)	N/A	Trials	11288
ElapsedTime(s)	10749	EstimatedLatency(ms)	N/A	Trials	11352
ElapsedTime(s)	10789	EstimatedLatency(ms)	N/A	Trials	11416
ElapsedTime(s)	10826	EstimatedLatency(ms)	N/A	Trials	11480
ElapsedTime(s)	10865	EstimatedLatency(ms)	N/A	Trials	11544
ElapsedTime(s)	10932	EstimatedLatency(ms)	N/A	Trials	11608
ElapsedTime(s)	10979	EstimatedLatency(ms)	N/A	Trials	11672
ElapsedTime(s)	11118	EstimatedLatency(ms)	N/A	Trials	11736
ElapsedTime(s)	11164	EstimatedLatency(ms)	N/A	Trials	11800
ElapsedTime(s)	11218	EstimatedLatency(ms)	N/A	Trials	11864
ElapsedTime(s)	11345	EstimatedLatency(ms)	N/A	Trials	11928
ElapsedTime(s)	11480	EstimatedLatency(ms)	N/A	Trials	11992
ElapsedTime(s)	11536	EstimatedLatency(ms)	N/A	Trials	12056
ElapsedTime(s)	11575	EstimatedLatency(ms)	N/A	Trials	12120
ElapsedTime(s)	11622	EstimatedLatency(ms)	N/A	Trials	12184
ElapsedTime(s)	11662	EstimatedLatency(ms)	N/A	Trials	12248
ElapsedTime(s)	11717	EstimatedLatency(ms)	N/A	Trials	12312
ElapsedTime(s)	11768	EstimatedLatency(ms)	N/A	Trials	12376
ElapsedTime(s)	11820	EstimatedLatency(ms)	N/A	Trials	12440
ElapsedTime(s)	11888	EstimatedLatency(ms)	N/A	Trials	12504
ElapsedTime(s)	11930	EstimatedLatency(ms)	N/A	Trials	12568
ElapsedTime(s)	11965	EstimatedLatency(ms)	N/A	Trials	12632
ElapsedTime(s)	12003	EstimatedLatency(ms)	N/A	Trials	12696
ElapsedTime(s)	12050	EstimatedLatency(ms)	N/A	Trials	12760
ElapsedTime(s)	12104	EstimatedLatency(ms)	N/A	Trials	12824
ElapsedTime(s)	12140	EstimatedLatency(ms)	N/A	Trials	12888
ElapsedTime(s)	12188	EstimatedLatency(ms)	N/A	Trials	12952
ElapsedTime(s)	12226	EstimatedLatency(ms)	N/A	Trials	13016
ElapsedTime(s)	12362	EstimatedLatency(ms)	N/A	Trials	13080
ElapsedTime(s)	12399	EstimatedLatency(ms)	N/A	Trials	13144
ElapsedTime(s)	12439	EstimatedLatency(ms)	N/A	Trials	13208
ElapsedTime(s)	12476	EstimatedLatency(ms)	N/A	Trials	13272
ElapsedTime(s)	12529	EstimatedLatency(ms)	N/A	Trials	13336
ElapsedTime(s)	12565	EstimatedLatency(ms)	N/A	Trials	13400
ElapsedTime(s)	12611	EstimatedLatency(ms)	N/A	Trials	13464
ElapsedTime(s)	12675	EstimatedLatency(ms)	N/A	Trials	13528
ElapsedTime(s)	12725	EstimatedLatency(ms)	N/A	Trials	13592
ElapsedTime(s)	12769	EstimatedLatency(ms)	N/A	Trials	13656
ElapsedTime(s)	12822	EstimatedLatency(ms)	N/A	Trials	13720
ElapsedTime(s)	12953	EstimatedLatency(ms)	N/A	Trials	13784
ElapsedTime(s)	12996	EstimatedLatency(ms)	N/A	Trials	13848
ElapsedTime(s)	13041	EstimatedLatency(ms)	N/A	Trials	13912
ElapsedTime(s)	13088	EstimatedLatency(ms)	N/A	Trials	13976
ElapsedTime(s)	13231	EstimatedLatency(ms)	N/A	Trials	14040
ElapsedTime(s)	13279	EstimatedLatency(ms)	N/A	Trials	14104
ElapsedTime(s)	13340	EstimatedLatency(ms)	N/A	Trials	14168
ElapsedTime(s)	13396	EstimatedLatency(ms)	N/A	Trials	14232
ElapsedTime(s)	13443	EstimatedLatency(ms)	N/A	Trials	14296
ElapsedTime(s)	13576	EstimatedLatency(ms)	N/A	Trials	14360
ElapsedTime(s)	13627	EstimatedLatency(ms)	N/A	Trials	14424
ElapsedTime(s)	13674	EstimatedLatency(ms)	N/A	Trials	14488
ElapsedTime(s)	13722	EstimatedLatency(ms)	N/A	Trials	14552
ElapsedTime(s)	13864	EstimatedLatency(ms)	N/A	Trials	14616
ElapsedTime(s)	13905	EstimatedLatency(ms)	N/A	Trials	14680
ElapsedTime(s)	13946	EstimatedLatency(ms)	N/A	Trials	14744
ElapsedTime(s)	13989	EstimatedLatency(ms)	N/A	Trials	14808
ElapsedTime(s)	14043	EstimatedLatency(ms)	N/A	Trials	14872
ElapsedTime(s)	14184	EstimatedLatency(ms)	N/A	Trials	14936
ElapsedTime(s)	14245	EstimatedLatency(ms)	N/A	Trials	15000
ElapsedTime(s)	14300	EstimatedLatency(ms)	N/A	Trials	15064
ElapsedTime(s)	14337	EstimatedLatency(ms)	N/A	Trials	15128
ElapsedTime(s)	14382	EstimatedLatency(ms)	N/A	Trials	15192
ElapsedTime(s)	14417	EstimatedLatency(ms)	N/A	Trials	15256
ElapsedTime(s)	14468	EstimatedLatency(ms)	N/A	Trials	15320
ElapsedTime(s)	14520	EstimatedLatency(ms)	N/A	Trials	15384
ElapsedTime(s)	14569	EstimatedLatency(ms)	N/A	Trials	15448
ElapsedTime(s)	14627	EstimatedLatency(ms)	N/A	Trials	15512
ElapsedTime(s)	14667	EstimatedLatency(ms)	N/A	Trials	15576
ElapsedTime(s)	14800	EstimatedLatency(ms)	N/A	Trials	15640
ElapsedTime(s)	14937	EstimatedLatency(ms)	N/A	Trials	15704
ElapsedTime(s)	14974	EstimatedLatency(ms)	N/A	Trials	15768
ElapsedTime(s)	15018	EstimatedLatency(ms)	N/A	Trials	15832
ElapsedTime(s)	15070	EstimatedLatency(ms)	N/A	Trials	15896
ElapsedTime(s)	15147	EstimatedLatency(ms)	N/A	Trials	15960
ElapsedTime(s)	15199	EstimatedLatency(ms)	N/A	Trials	16024
ElapsedTime(s)	15245	EstimatedLatency(ms)	N/A	Trials	16088
ElapsedTime(s)	15298	EstimatedLatency(ms)	N/A	Trials	16152
ElapsedTime(s)	15347	EstimatedLatency(ms)	N/A	Trials	16216
ElapsedTime(s)	15486	EstimatedLatency(ms)	N/A	Trials	16280
ElapsedTime(s)	15540	EstimatedLatency(ms)	N/A	Trials	16344
ElapsedTime(s)	15581	EstimatedLatency(ms)	N/A	Trials	16408
ElapsedTime(s)	15633	EstimatedLatency(ms)	N/A	Trials	16472
ElapsedTime(s)	15759	EstimatedLatency(ms)	N/A	Trials	16536
ElapsedTime(s)	15807	EstimatedLatency(ms)	N/A	Trials	16600
ElapsedTime(s)	15854	EstimatedLatency(ms)	N/A	Trials	16664
ElapsedTime(s)	15903	EstimatedLatency(ms)	N/A	Trials	16728
ElapsedTime(s)	15950	EstimatedLatency(ms)	N/A	Trials	16792
ElapsedTime(s)	16015	EstimatedLatency(ms)	N/A	Trials	16856
ElapsedTime(s)	16064	EstimatedLatency(ms)	N/A	Trials	16920
ElapsedTime(s)	16121	EstimatedLatency(ms)	N/A	Trials	16984
ElapsedTime(s)	16176	EstimatedLatency(ms)	N/A	Trials	17048
ElapsedTime(s)	16234	EstimatedLatency(ms)	N/A	Trials	17112
ElapsedTime(s)	16290	EstimatedLatency(ms)	N/A	Trials	17176
ElapsedTime(s)	16334	EstimatedLatency(ms)	N/A	Trials	17240
ElapsedTime(s)	16374	EstimatedLatency(ms)	N/A	Trials	17304
ElapsedTime(s)	16425	EstimatedLatency(ms)	N/A	Trials	17368
ElapsedTime(s)	16555	EstimatedLatency(ms)	N/A	Trials	17432
ElapsedTime(s)	16595	EstimatedLatency(ms)	N/A	Trials	17496
ElapsedTime(s)	16646	EstimatedLatency(ms)	N/A	Trials	17560
ElapsedTime(s)	16689	EstimatedLatency(ms)	N/A	Trials	17624
ElapsedTime(s)	16747	EstimatedLatency(ms)	N/A	Trials	17688
ElapsedTime(s)	16793	EstimatedLatency(ms)	N/A	Trials	17752
ElapsedTime(s)	16935	EstimatedLatency(ms)	N/A	Trials	17816
ElapsedTime(s)	16978	EstimatedLatency(ms)	N/A	Trials	17880
ElapsedTime(s)	17061	EstimatedLatency(ms)	N/A	Trials	17944
ElapsedTime(s)	17104	EstimatedLatency(ms)	N/A	Trials	18008
ElapsedTime(s)	17159	EstimatedLatency(ms)	N/A	Trials	18072
ElapsedTime(s)	17291	EstimatedLatency(ms)	N/A	Trials	18136
ElapsedTime(s)	17340	EstimatedLatency(ms)	N/A	Trials	18200
ElapsedTime(s)	17384	EstimatedLatency(ms)	N/A	Trials	18264
ElapsedTime(s)	17435	EstimatedLatency(ms)	N/A	Trials	18328
ElapsedTime(s)	17489	EstimatedLatency(ms)	N/A	Trials	18392
ElapsedTime(s)	17553	EstimatedLatency(ms)	N/A	Trials	18456
ElapsedTime(s)	17605	EstimatedLatency(ms)	N/A	Trials	18520
ElapsedTime(s)	17653	EstimatedLatency(ms)	N/A	Trials	18584
ElapsedTime(s)	17699	EstimatedLatency(ms)	N/A	Trials	18648
ElapsedTime(s)	17748	EstimatedLatency(ms)	N/A	Trials	18712
ElapsedTime(s)	17806	EstimatedLatency(ms)	N/A	Trials	18776
ElapsedTime(s)	17856	EstimatedLatency(ms)	N/A	Trials	18840
ElapsedTime(s)	17914	EstimatedLatency(ms)	N/A	Trials	18904
ElapsedTime(s)	17964	EstimatedLatency(ms)	N/A	Trials	18968
ElapsedTime(s)	18017	EstimatedLatency(ms)	N/A	Trials	19032
ElapsedTime(s)	18066	EstimatedLatency(ms)	N/A	Trials	19096
ElapsedTime(s)	18199	EstimatedLatency(ms)	N/A	Trials	19160
ElapsedTime(s)	18243	EstimatedLatency(ms)	N/A	Trials	19224
ElapsedTime(s)	18292	EstimatedLatency(ms)	N/A	Trials	19288
ElapsedTime(s)	18338	EstimatedLatency(ms)	N/A	Trials	19352
ElapsedTime(s)	18377	EstimatedLatency(ms)	N/A	Trials	19416
ElapsedTime(s)	18439	EstimatedLatency(ms)	N/A	Trials	19480
ElapsedTime(s)	18492	EstimatedLatency(ms)	N/A	Trials	19544
ElapsedTime(s)	18549	EstimatedLatency(ms)	N/A	Trials	19608
ElapsedTime(s)	18604	EstimatedLatency(ms)	N/A	Trials	19672
ElapsedTime(s)	18732	EstimatedLatency(ms)	N/A	Trials	19736
ElapsedTime(s)	18777	EstimatedLatency(ms)	N/A	Trials	19800
ElapsedTime(s)	18830	EstimatedLatency(ms)	N/A	Trials	19864
ElapsedTime(s)	18871	EstimatedLatency(ms)	N/A	Trials	19928
ElapsedTime(s)	18917	EstimatedLatency(ms)	N/A	Trials	19992
ElapsedTime(s)	18968	EstimatedLatency(ms)	N/A	Trials	20056
ElapsedTime(s)	19109	EstimatedLatency(ms)	N/A	Trials	20120
ElapsedTime(s)	19158	EstimatedLatency(ms)	N/A	Trials	20184
ElapsedTime(s)	19207	EstimatedLatency(ms)	N/A	Trials	20248
ElapsedTime(s)	19254	EstimatedLatency(ms)	N/A	Trials	20312
ElapsedTime(s)	19303	EstimatedLatency(ms)	N/A	Trials	20376
ElapsedTime(s)	19362	EstimatedLatency(ms)	N/A	Trials	20440
ElapsedTime(s)	19432	EstimatedLatency(ms)	N/A	Trials	20504
ElapsedTime(s)	19487	EstimatedLatency(ms)	N/A	Trials	20568
ElapsedTime(s)	19540	EstimatedLatency(ms)	N/A	Trials	20632
ElapsedTime(s)	19601	EstimatedLatency(ms)	N/A	Trials	20696
ElapsedTime(s)	19639	EstimatedLatency(ms)	N/A	Trials	20760
ElapsedTime(s)	19770	EstimatedLatency(ms)	N/A	Trials	20824
ElapsedTime(s)	19823	EstimatedLatency(ms)	N/A	Trials	20888
ElapsedTime(s)	19866	EstimatedLatency(ms)	N/A	Trials	20952
ElapsedTime(s)	19913	EstimatedLatency(ms)	N/A	Trials	21016
ElapsedTime(s)	19968	EstimatedLatency(ms)	N/A	Trials	21080
ElapsedTime(s)	20030	EstimatedLatency(ms)	N/A	Trials	21144
ElapsedTime(s)	20173	EstimatedLatency(ms)	N/A	Trials	21208
ElapsedTime(s)	20215	EstimatedLatency(ms)	N/A	Trials	21272
ElapsedTime(s)	20270	EstimatedLatency(ms)	N/A	Trials	21336
ElapsedTime(s)	20311	EstimatedLatency(ms)	N/A	Trials	21400
ElapsedTime(s)	20442	EstimatedLatency(ms)	N/A	Trials	21464
ElapsedTime(s)	20503	EstimatedLatency(ms)	N/A	Trials	21528
ElapsedTime(s)	20553	EstimatedLatency(ms)	N/A	Trials	21592
ElapsedTime(s)	20602	EstimatedLatency(ms)	N/A	Trials	21656
ElapsedTime(s)	20647	EstimatedLatency(ms)	N/A	Trials	21720
ElapsedTime(s)	20716	EstimatedLatency(ms)	N/A	Trials	21784
ElapsedTime(s)	20770	EstimatedLatency(ms)	N/A	Trials	21848
ElapsedTime(s)	20809	EstimatedLatency(ms)	N/A	Trials	21912
ElapsedTime(s)	20847	EstimatedLatency(ms)	N/A	Trials	21976
ElapsedTime(s)	20899	EstimatedLatency(ms)	N/A	Trials	22040
ElapsedTime(s)	20944	EstimatedLatency(ms)	N/A	Trials	22104
ElapsedTime(s)	20999	EstimatedLatency(ms)	N/A	Trials	22168
ElapsedTime(s)	21038	EstimatedLatency(ms)	N/A	Trials	22232
ElapsedTime(s)	21088	EstimatedLatency(ms)	N/A	Trials	22296
ElapsedTime(s)	21157	EstimatedLatency(ms)	N/A	Trials	22360
ElapsedTime(s)	21297	EstimatedLatency(ms)	N/A	Trials	22424
ElapsedTime(s)	21351	EstimatedLatency(ms)	N/A	Trials	22488
ElapsedTime(s)	21396	EstimatedLatency(ms)	N/A	Trials	22552
ElapsedTime(s)	21444	EstimatedLatency(ms)	N/A	Trials	22616
ElapsedTime(s)	21484	EstimatedLatency(ms)	N/A	Trials	22680
ElapsedTime(s)	21532	EstimatedLatency(ms)	N/A	Trials	22744
ElapsedTime(s)	21584	EstimatedLatency(ms)	N/A	Trials	22808
ElapsedTime(s)	21719	EstimatedLatency(ms)	N/A	Trials	22872
ElapsedTime(s)	21772	EstimatedLatency(ms)	N/A	Trials	22936
ElapsedTime(s)	21816	EstimatedLatency(ms)	N/A	Trials	23000
ElapsedTime(s)	21969	EstimatedLatency(ms)	N/A	Trials	23064
ElapsedTime(s)	22028	EstimatedLatency(ms)	N/A	Trials	23128
ElapsedTime(s)	22159	EstimatedLatency(ms)	N/A	Trials	23192
ElapsedTime(s)	22224	EstimatedLatency(ms)	N/A	Trials	23256
ElapsedTime(s)	22283	EstimatedLatency(ms)	N/A	Trials	23320
ElapsedTime(s)	22325	EstimatedLatency(ms)	N/A	Trials	23384
ElapsedTime(s)	22390	EstimatedLatency(ms)	N/A	Trials	23448
ElapsedTime(s)	22428	EstimatedLatency(ms)	N/A	Trials	23512
ElapsedTime(s)	22479	EstimatedLatency(ms)	N/A	Trials	23576
ElapsedTime(s)	22527	EstimatedLatency(ms)	N/A	Trials	23640
ElapsedTime(s)	22575	EstimatedLatency(ms)	N/A	Trials	23704
ElapsedTime(s)	22624	EstimatedLatency(ms)	N/A	Trials	23768
ElapsedTime(s)	22677	EstimatedLatency(ms)	N/A	Trials	23832
ElapsedTime(s)	22716	EstimatedLatency(ms)	N/A	Trials	23896
ElapsedTime(s)	22780	EstimatedLatency(ms)	N/A	Trials	23960
ElapsedTime(s)	22831	EstimatedLatency(ms)	N/A	Trials	24024
ElapsedTime(s)	22880	EstimatedLatency(ms)	N/A	Trials	24088
ElapsedTime(s)	22926	EstimatedLatency(ms)	N/A	Trials	24152
ElapsedTime(s)	22993	EstimatedLatency(ms)	N/A	Trials	24216
ElapsedTime(s)	23040	EstimatedLatency(ms)	N/A	Trials	24280
ElapsedTime(s)	23182	EstimatedLatency(ms)	N/A	Trials	24344
ElapsedTime(s)	23236	EstimatedLatency(ms)	N/A	Trials	24408
ElapsedTime(s)	23285	EstimatedLatency(ms)	N/A	Trials	24472
ElapsedTime(s)	23341	EstimatedLatency(ms)	N/A	Trials	24536
ElapsedTime(s)	23388	EstimatedLatency(ms)	N/A	Trials	24600
ElapsedTime(s)	23439	EstimatedLatency(ms)	N/A	Trials	24664
ElapsedTime(s)	23478	EstimatedLatency(ms)	N/A	Trials	24728
ElapsedTime(s)	23531	EstimatedLatency(ms)	N/A	Trials	24792
ElapsedTime(s)	23588	EstimatedLatency(ms)	N/A	Trials	24856
ElapsedTime(s)	23645	EstimatedLatency(ms)	N/A	Trials	24920
ElapsedTime(s)	23773	EstimatedLatency(ms)	N/A	Trials	24984
ElapsedTime(s)	23908	EstimatedLatency(ms)	N/A	Trials	25048
ElapsedTime(s)	23969	EstimatedLatency(ms)	N/A	Trials	25112
ElapsedTime(s)	24010	EstimatedLatency(ms)	N/A	Trials	25176
ElapsedTime(s)	24074	EstimatedLatency(ms)	N/A	Trials	25240
ElapsedTime(s)	24118	EstimatedLatency(ms)	N/A	Trials	25304
ElapsedTime(s)	24168	EstimatedLatency(ms)	N/A	Trials	25368
ElapsedTime(s)	24226	EstimatedLatency(ms)	N/A	Trials	25432
ElapsedTime(s)	24382	EstimatedLatency(ms)	N/A	Trials	25496
ElapsedTime(s)	24425	EstimatedLatency(ms)	N/A	Trials	25560
ElapsedTime(s)	24475	EstimatedLatency(ms)	N/A	Trials	25624
ElapsedTime(s)	24525	EstimatedLatency(ms)	N/A	Trials	25688
ElapsedTime(s)	24565	EstimatedLatency(ms)	N/A	Trials	25752
ElapsedTime(s)	24612	EstimatedLatency(ms)	N/A	Trials	25816
ElapsedTime(s)	24667	EstimatedLatency(ms)	N/A	Trials	25880
ElapsedTime(s)	24815	EstimatedLatency(ms)	N/A	Trials	25944
ElapsedTime(s)	24868	EstimatedLatency(ms)	N/A	Trials	26008
ElapsedTime(s)	24930	EstimatedLatency(ms)	N/A	Trials	26072
ElapsedTime(s)	24979	EstimatedLatency(ms)	N/A	Trials	26136
ElapsedTime(s)	25026	EstimatedLatency(ms)	N/A	Trials	26200
ElapsedTime(s)	25067	EstimatedLatency(ms)	N/A	Trials	26264
ElapsedTime(s)	25123	EstimatedLatency(ms)	N/A	Trials	26328
ElapsedTime(s)	25182	EstimatedLatency(ms)	N/A	Trials	26392
ElapsedTime(s)	25234	EstimatedLatency(ms)	N/A	Trials	26456
ElapsedTime(s)	25369	EstimatedLatency(ms)	N/A	Trials	26520
ElapsedTime(s)	25418	EstimatedLatency(ms)	N/A	Trials	26584
ElapsedTime(s)	25555	EstimatedLatency(ms)	N/A	Trials	26648
ElapsedTime(s)	25618	EstimatedLatency(ms)	N/A	Trials	26712
ElapsedTime(s)	25658	EstimatedLatency(ms)	N/A	Trials	26776
ElapsedTime(s)	25734	EstimatedLatency(ms)	N/A	Trials	26840
ElapsedTime(s)	25878	EstimatedLatency(ms)	N/A	Trials	26904
ElapsedTime(s)	25931	EstimatedLatency(ms)	N/A	Trials	26968
ElapsedTime(s)	25973	EstimatedLatency(ms)	N/A	Trials	27032
ElapsedTime(s)	26034	EstimatedLatency(ms)	N/A	Trials	27096
ElapsedTime(s)	26077	EstimatedLatency(ms)	N/A	Trials	27160
ElapsedTime(s)	26119	EstimatedLatency(ms)	N/A	Trials	27224
ElapsedTime(s)	26182	EstimatedLatency(ms)	N/A	Trials	27288
ElapsedTime(s)	26223	EstimatedLatency(ms)	N/A	Trials	27352
ElapsedTime(s)	26281	EstimatedLatency(ms)	N/A	Trials	27416
ElapsedTime(s)	26329	EstimatedLatency(ms)	N/A	Trials	27480
ElapsedTime(s)	26391	EstimatedLatency(ms)	N/A	Trials	27544
ElapsedTime(s)	26434	EstimatedLatency(ms)	N/A	Trials	27608
ElapsedTime(s)	26484	EstimatedLatency(ms)	N/A	Trials	27672
ElapsedTime(s)	26530	EstimatedLatency(ms)	N/A	Trials	27736
ElapsedTime(s)	26581	EstimatedLatency(ms)	N/A	Trials	27800
ElapsedTime(s)	26634	EstimatedLatency(ms)	N/A	Trials	27864
ElapsedTime(s)	26674	EstimatedLatency(ms)	N/A	Trials	27928
ElapsedTime(s)	26726	EstimatedLatency(ms)	N/A	Trials	27992
ElapsedTime(s)	26870	EstimatedLatency(ms)	N/A	Trials	28056
ElapsedTime(s)	26913	EstimatedLatency(ms)	N/A	Trials	28120
ElapsedTime(s)	26970	EstimatedLatency(ms)	N/A	Trials	28184
ElapsedTime(s)	27034	EstimatedLatency(ms)	N/A	Trials	28248
ElapsedTime(s)	27168	EstimatedLatency(ms)	N/A	Trials	28312
ElapsedTime(s)	27300	EstimatedLatency(ms)	N/A	Trials	28376
ElapsedTime(s)	27347	EstimatedLatency(ms)	N/A	Trials	28440
ElapsedTime(s)	27403	EstimatedLatency(ms)	N/A	Trials	28504
ElapsedTime(s)	27550	EstimatedLatency(ms)	N/A	Trials	28568
ElapsedTime(s)	27600	EstimatedLatency(ms)	N/A	Trials	28632
ElapsedTime(s)	27638	EstimatedLatency(ms)	N/A	Trials	28696
ElapsedTime(s)	27690	EstimatedLatency(ms)	N/A	Trials	28760
ElapsedTime(s)	27737	EstimatedLatency(ms)	N/A	Trials	28824
ElapsedTime(s)	27787	EstimatedLatency(ms)	N/A	Trials	28888
ElapsedTime(s)	27844	EstimatedLatency(ms)	N/A	Trials	28952
ElapsedTime(s)	27898	EstimatedLatency(ms)	N/A	Trials	29016
ElapsedTime(s)	27958	EstimatedLatency(ms)	N/A	Trials	29080
ElapsedTime(s)	28100	EstimatedLatency(ms)	N/A	Trials	29144
ElapsedTime(s)	28164	EstimatedLatency(ms)	N/A	Trials	29208
ElapsedTime(s)	28205	EstimatedLatency(ms)	N/A	Trials	29272
ElapsedTime(s)	28268	EstimatedLatency(ms)	N/A	Trials	29336
ElapsedTime(s)	28323	EstimatedLatency(ms)	N/A	Trials	29400
ElapsedTime(s)	28382	EstimatedLatency(ms)	N/A	Trials	29464
ElapsedTime(s)	28427	EstimatedLatency(ms)	N/A	Trials	29528
ElapsedTime(s)	28481	EstimatedLatency(ms)	N/A	Trials	29592
ElapsedTime(s)	28532	EstimatedLatency(ms)	N/A	Trials	29656
ElapsedTime(s)	28672	EstimatedLatency(ms)	N/A	Trials	29720
ElapsedTime(s)	28711	EstimatedLatency(ms)	N/A	Trials	29784
ElapsedTime(s)	28760	EstimatedLatency(ms)	N/A	Trials	29848
ElapsedTime(s)	28810	EstimatedLatency(ms)	N/A	Trials	29912
ElapsedTime(s)	28859	EstimatedLatency(ms)	N/A	Trials	29976
ElapsedTime(s)	28913	EstimatedLatency(ms)	N/A	Trials	30040
ElapsedTime(s)	28976	EstimatedLatency(ms)	N/A	Trials	30104
ElapsedTime(s)	29116	EstimatedLatency(ms)	N/A	Trials	30168
ElapsedTime(s)	29244	EstimatedLatency(ms)	N/A	Trials	30232
ElapsedTime(s)	29308	EstimatedLatency(ms)	N/A	Trials	30296
ElapsedTime(s)	29361	EstimatedLatency(ms)	N/A	Trials	30360
ElapsedTime(s)	29406	EstimatedLatency(ms)	N/A	Trials	30424
ElapsedTime(s)	29457	EstimatedLatency(ms)	N/A	Trials	30488
ElapsedTime(s)	29495	EstimatedLatency(ms)	N/A	Trials	30552
ElapsedTime(s)	29547	EstimatedLatency(ms)	N/A	Trials	30616
ElapsedTime(s)	29600	EstimatedLatency(ms)	N/A	Trials	30680
ElapsedTime(s)	29749	EstimatedLatency(ms)	N/A	Trials	30744
ElapsedTime(s)	29792	EstimatedLatency(ms)	N/A	Trials	30808
ElapsedTime(s)	29844	EstimatedLatency(ms)	N/A	Trials	30872
ElapsedTime(s)	29902	EstimatedLatency(ms)	N/A	Trials	30936
ElapsedTime(s)	29966	EstimatedLatency(ms)	N/A	Trials	31000
ElapsedTime(s)	30023	EstimatedLatency(ms)	N/A	Trials	31064
ElapsedTime(s)	30061	EstimatedLatency(ms)	N/A	Trials	31128
ElapsedTime(s)	30212	EstimatedLatency(ms)	N/A	Trials	31192
ElapsedTime(s)	30266	EstimatedLatency(ms)	N/A	Trials	31256
ElapsedTime(s)	30315	EstimatedLatency(ms)	N/A	Trials	31320
ElapsedTime(s)	30447	EstimatedLatency(ms)	N/A	Trials	31384
ElapsedTime(s)	30498	EstimatedLatency(ms)	N/A	Trials	31448
ElapsedTime(s)	30558	EstimatedLatency(ms)	N/A	Trials	31512
ElapsedTime(s)	30601	EstimatedLatency(ms)	N/A	Trials	31576
ElapsedTime(s)	30651	EstimatedLatency(ms)	N/A	Trials	31640
ElapsedTime(s)	30695	EstimatedLatency(ms)	N/A	Trials	31704
ElapsedTime(s)	30750	EstimatedLatency(ms)	N/A	Trials	31768
ElapsedTime(s)	30817	EstimatedLatency(ms)	N/A	Trials	31832
ElapsedTime(s)	30883	EstimatedLatency(ms)	N/A	Trials	31896
ElapsedTime(s)	30935	EstimatedLatency(ms)	N/A	Trials	31960
ElapsedTime(s)	31080	EstimatedLatency(ms)	N/A	Trials	32024
ElapsedTime(s)	31142	EstimatedLatency(ms)	N/A	Trials	32088
ElapsedTime(s)	31192	EstimatedLatency(ms)	N/A	Trials	32152
ElapsedTime(s)	31323	EstimatedLatency(ms)	N/A	Trials	32216
ElapsedTime(s)	31376	EstimatedLatency(ms)	N/A	Trials	32280
ElapsedTime(s)	31424	EstimatedLatency(ms)	N/A	Trials	32344
ElapsedTime(s)	31469	EstimatedLatency(ms)	N/A	Trials	32408
ElapsedTime(s)	31511	EstimatedLatency(ms)	N/A	Trials	32472
ElapsedTime(s)	31567	EstimatedLatency(ms)	N/A	Trials	32536
ElapsedTime(s)	31611	EstimatedLatency(ms)	N/A	Trials	32600
ElapsedTime(s)	31661	EstimatedLatency(ms)	N/A	Trials	32664
ElapsedTime(s)	31713	EstimatedLatency(ms)	N/A	Trials	32728
ElapsedTime(s)	31776	EstimatedLatency(ms)	N/A	Trials	32792
ElapsedTime(s)	31816	EstimatedLatency(ms)	N/A	Trials	32856
ElapsedTime(s)	31856	EstimatedLatency(ms)	N/A	Trials	32920
ElapsedTime(s)	31897	EstimatedLatency(ms)	N/A	Trials	32984
ElapsedTime(s)	31946	EstimatedLatency(ms)	N/A	Trials	33048
ElapsedTime(s)	32001	EstimatedLatency(ms)	N/A	Trials	33112
ElapsedTime(s)	32139	EstimatedLatency(ms)	N/A	Trials	33176
ElapsedTime(s)	32201	EstimatedLatency(ms)	N/A	Trials	33240
ElapsedTime(s)	32260	EstimatedLatency(ms)	N/A	Trials	33304
ElapsedTime(s)	32323	EstimatedLatency(ms)	N/A	Trials	33368
ElapsedTime(s)	32387	EstimatedLatency(ms)	N/A	Trials	33432
ElapsedTime(s)	32436	EstimatedLatency(ms)	N/A	Trials	33496
ElapsedTime(s)	32584	EstimatedLatency(ms)	N/A	Trials	33560
ElapsedTime(s)	32642	EstimatedLatency(ms)	N/A	Trials	33624
ElapsedTime(s)	32699	EstimatedLatency(ms)	N/A	Trials	33688
ElapsedTime(s)	32756	EstimatedLatency(ms)	N/A	Trials	33752
ElapsedTime(s)	32805	EstimatedLatency(ms)	N/A	Trials	33816
ElapsedTime(s)	32858	EstimatedLatency(ms)	N/A	Trials	33880
ElapsedTime(s)	32909	EstimatedLatency(ms)	N/A	Trials	33944
ElapsedTime(s)	33057	EstimatedLatency(ms)	N/A	Trials	34008
ElapsedTime(s)	33102	EstimatedLatency(ms)	N/A	Trials	34072
ElapsedTime(s)	33235	EstimatedLatency(ms)	N/A	Trials	34136
ElapsedTime(s)	33285	EstimatedLatency(ms)	N/A	Trials	34200
ElapsedTime(s)	33324	EstimatedLatency(ms)	N/A	Trials	34264
ElapsedTime(s)	33374	EstimatedLatency(ms)	N/A	Trials	34328
ElapsedTime(s)	33431	EstimatedLatency(ms)	N/A	Trials	34392
ElapsedTime(s)	33473	EstimatedLatency(ms)	N/A	Trials	34456
ElapsedTime(s)	33529	EstimatedLatency(ms)	N/A	Trials	34520
ElapsedTime(s)	33583	EstimatedLatency(ms)	N/A	Trials	34584
ElapsedTime(s)	33647	EstimatedLatency(ms)	N/A	Trials	34648
ElapsedTime(s)	33687	EstimatedLatency(ms)	N/A	Trials	34712
ElapsedTime(s)	33750	EstimatedLatency(ms)	N/A	Trials	34776
ElapsedTime(s)	33891	EstimatedLatency(ms)	N/A	Trials	34840
ElapsedTime(s)	34022	EstimatedLatency(ms)	N/A	Trials	34904
ElapsedTime(s)	34073	EstimatedLatency(ms)	N/A	Trials	34968
ElapsedTime(s)	34120	EstimatedLatency(ms)	N/A	Trials	35032
ElapsedTime(s)	34170	EstimatedLatency(ms)	N/A	Trials	35096
ElapsedTime(s)	34222	EstimatedLatency(ms)	N/A	Trials	35160
ElapsedTime(s)	34273	EstimatedLatency(ms)	N/A	Trials	35224
ElapsedTime(s)	34325	EstimatedLatency(ms)	N/A	Trials	35288
ElapsedTime(s)	34372	EstimatedLatency(ms)	N/A	Trials	35352
ElapsedTime(s)	34442	EstimatedLatency(ms)	N/A	Trials	35416
ElapsedTime(s)	34503	EstimatedLatency(ms)	N/A	Trials	35480
ElapsedTime(s)	34544	EstimatedLatency(ms)	N/A	Trials	35544
ElapsedTime(s)	34677	EstimatedLatency(ms)	N/A	Trials	35608
ElapsedTime(s)	34728	EstimatedLatency(ms)	N/A	Trials	35672
ElapsedTime(s)	34769	EstimatedLatency(ms)	N/A	Trials	35736
ElapsedTime(s)	34828	EstimatedLatency(ms)	N/A	Trials	35800
ElapsedTime(s)	34968	EstimatedLatency(ms)	N/A	Trials	35864
ElapsedTime(s)	35007	EstimatedLatency(ms)	N/A	Trials	35928
ElapsedTime(s)	35047	EstimatedLatency(ms)	N/A	Trials	35992
ElapsedTime(s)	35098	EstimatedLatency(ms)	N/A	Trials	36056
ElapsedTime(s)	35147	EstimatedLatency(ms)	N/A	Trials	36120
ElapsedTime(s)	35198	EstimatedLatency(ms)	N/A	Trials	36184
ElapsedTime(s)	35249	EstimatedLatency(ms)	N/A	Trials	36248
ElapsedTime(s)	35398	EstimatedLatency(ms)	N/A	Trials	36312
ElapsedTime(s)	35454	EstimatedLatency(ms)	N/A	Trials	36376
ElapsedTime(s)	35527	EstimatedLatency(ms)	N/A	Trials	36440
ElapsedTime(s)	35587	EstimatedLatency(ms)	N/A	Trials	36504
ElapsedTime(s)	35626	EstimatedLatency(ms)	N/A	Trials	36568
ElapsedTime(s)	35671	EstimatedLatency(ms)	N/A	Trials	36632
ElapsedTime(s)	35719	EstimatedLatency(ms)	N/A	Trials	36696
ElapsedTime(s)	35770	EstimatedLatency(ms)	N/A	Trials	36760
ElapsedTime(s)	35808	EstimatedLatency(ms)	N/A	Trials	36824
ElapsedTime(s)	35859	EstimatedLatency(ms)	N/A	Trials	36888
ElapsedTime(s)	35924	EstimatedLatency(ms)	N/A	Trials	36952
ElapsedTime(s)	35985	EstimatedLatency(ms)	N/A	Trials	37016
ElapsedTime(s)	36041	EstimatedLatency(ms)	N/A	Trials	37080
ElapsedTime(s)	36085	EstimatedLatency(ms)	N/A	Trials	37144
ElapsedTime(s)	36236	EstimatedLatency(ms)	N/A	Trials	37208
ElapsedTime(s)	36284	EstimatedLatency(ms)	N/A	Trials	37272
ElapsedTime(s)	36334	EstimatedLatency(ms)	N/A	Trials	37336
ElapsedTime(s)	36391	EstimatedLatency(ms)	N/A	Trials	37400
ElapsedTime(s)	36458	EstimatedLatency(ms)	N/A	Trials	37464
ElapsedTime(s)	36589	EstimatedLatency(ms)	N/A	Trials	37528
ElapsedTime(s)	36630	EstimatedLatency(ms)	N/A	Trials	37592
ElapsedTime(s)	36670	EstimatedLatency(ms)	N/A	Trials	37656
ElapsedTime(s)	36725	EstimatedLatency(ms)	N/A	Trials	37720
ElapsedTime(s)	36780	EstimatedLatency(ms)	N/A	Trials	37784
ElapsedTime(s)	36827	EstimatedLatency(ms)	N/A	Trials	37848
ElapsedTime(s)	36967	EstimatedLatency(ms)	N/A	Trials	37912
ElapsedTime(s)	37030	EstimatedLatency(ms)	N/A	Trials	37976
ElapsedTime(s)	37073	EstimatedLatency(ms)	N/A	Trials	38040
ElapsedTime(s)	37130	EstimatedLatency(ms)	N/A	Trials	38104
ElapsedTime(s)	37175	EstimatedLatency(ms)	N/A	Trials	38168
ElapsedTime(s)	37218	EstimatedLatency(ms)	N/A	Trials	38232
ElapsedTime(s)	37268	EstimatedLatency(ms)	N/A	Trials	38296
ElapsedTime(s)	37309	EstimatedLatency(ms)	N/A	Trials	38360
ElapsedTime(s)	37354	EstimatedLatency(ms)	N/A	Trials	38424
ElapsedTime(s)	37398	EstimatedLatency(ms)	N/A	Trials	38488
ElapsedTime(s)	37447	EstimatedLatency(ms)	N/A	Trials	38552
ElapsedTime(s)	37590	EstimatedLatency(ms)	N/A	Trials	38616
ElapsedTime(s)	37645	EstimatedLatency(ms)	N/A	Trials	38680
ElapsedTime(s)	37692	EstimatedLatency(ms)	N/A	Trials	38744
ElapsedTime(s)	37756	EstimatedLatency(ms)	N/A	Trials	38808
ElapsedTime(s)	37807	EstimatedLatency(ms)	N/A	Trials	38872
ElapsedTime(s)	37864	EstimatedLatency(ms)	N/A	Trials	38936
ElapsedTime(s)	37914	EstimatedLatency(ms)	N/A	Trials	39000
ElapsedTime(s)	37964	EstimatedLatency(ms)	N/A	Trials	39064
ElapsedTime(s)	38004	EstimatedLatency(ms)	N/A	Trials	39128
ElapsedTime(s)	38055	EstimatedLatency(ms)	N/A	Trials	39192
ElapsedTime(s)	38110	EstimatedLatency(ms)	N/A	Trials	39256
ElapsedTime(s)	38237	EstimatedLatency(ms)	N/A	Trials	39320
ElapsedTime(s)	38278	EstimatedLatency(ms)	N/A	Trials	39384
ElapsedTime(s)	38327	EstimatedLatency(ms)	N/A	Trials	39448
ElapsedTime(s)	38372	EstimatedLatency(ms)	N/A	Trials	39512
ElapsedTime(s)	38425	EstimatedLatency(ms)	N/A	Trials	39576
ElapsedTime(s)	38490	EstimatedLatency(ms)	N/A	Trials	39640
ElapsedTime(s)	38539	EstimatedLatency(ms)	N/A	Trials	39704
ElapsedTime(s)	38605	EstimatedLatency(ms)	N/A	Trials	39768
ElapsedTime(s)	38646	EstimatedLatency(ms)	N/A	Trials	39832
ElapsedTime(s)	38693	EstimatedLatency(ms)	N/A	Trials	39896
ElapsedTime(s)	38735	EstimatedLatency(ms)	N/A	Trials	39960
ElapsedTime(s)	38775	EstimatedLatency(ms)	N/A	Trials	40024
ElapsedTime(s)	38830	EstimatedLatency(ms)	N/A	Trials	40088
ElapsedTime(s)	38961	EstimatedLatency(ms)	N/A	Trials	40152
ElapsedTime(s)	39106	EstimatedLatency(ms)	N/A	Trials	40216
ElapsedTime(s)	39158	EstimatedLatency(ms)	N/A	Trials	40280
ElapsedTime(s)	39215	EstimatedLatency(ms)	N/A	Trials	40344
ElapsedTime(s)	39253	EstimatedLatency(ms)	N/A	Trials	40408
ElapsedTime(s)	39400	EstimatedLatency(ms)	N/A	Trials	40472
ElapsedTime(s)	39439	EstimatedLatency(ms)	N/A	Trials	40536
ElapsedTime(s)	39492	EstimatedLatency(ms)	N/A	Trials	40600
ElapsedTime(s)	39558	EstimatedLatency(ms)	N/A	Trials	40664
ElapsedTime(s)	39624	EstimatedLatency(ms)	N/A	Trials	40728
ElapsedTime(s)	39665	EstimatedLatency(ms)	N/A	Trials	40792
ElapsedTime(s)	39726	EstimatedLatency(ms)	N/A	Trials	40856
ElapsedTime(s)	39782	EstimatedLatency(ms)	N/A	Trials	40920
ElapsedTime(s)	39827	EstimatedLatency(ms)	N/A	Trials	40984
ElapsedTime(s)	39868	EstimatedLatency(ms)	N/A	Trials	41048
ElapsedTime(s)	39994	EstimatedLatency(ms)	N/A	Trials	41112
ElapsedTime(s)	40135	EstimatedLatency(ms)	N/A	Trials	41176
ElapsedTime(s)	40187	EstimatedLatency(ms)	N/A	Trials	41240
ElapsedTime(s)	40242	EstimatedLatency(ms)	N/A	Trials	41304
ElapsedTime(s)	40296	EstimatedLatency(ms)	N/A	Trials	41368
ElapsedTime(s)	40360	EstimatedLatency(ms)	N/A	Trials	41432
ElapsedTime(s)	40417	EstimatedLatency(ms)	N/A	Trials	41496
ElapsedTime(s)	40458	EstimatedLatency(ms)	N/A	Trials	41560
ElapsedTime(s)	40500	EstimatedLatency(ms)	N/A	Trials	41624
ElapsedTime(s)	40557	EstimatedLatency(ms)	N/A	Trials	41688
ElapsedTime(s)	40690	EstimatedLatency(ms)	N/A	Trials	41752
ElapsedTime(s)	40735	EstimatedLatency(ms)	N/A	Trials	41816
ElapsedTime(s)	40786	EstimatedLatency(ms)	N/A	Trials	41880
ElapsedTime(s)	40833	EstimatedLatency(ms)	N/A	Trials	41944
ElapsedTime(s)	40894	EstimatedLatency(ms)	N/A	Trials	42008
ElapsedTime(s)	40941	EstimatedLatency(ms)	N/A	Trials	42072
ElapsedTime(s)	41083	EstimatedLatency(ms)	N/A	Trials	42136
ElapsedTime(s)	41131	EstimatedLatency(ms)	N/A	Trials	42200
ElapsedTime(s)	41202	EstimatedLatency(ms)	N/A	Trials	42264
ElapsedTime(s)	41242	EstimatedLatency(ms)	N/A	Trials	42328
ElapsedTime(s)	41298	EstimatedLatency(ms)	N/A	Trials	42392
ElapsedTime(s)	41354	EstimatedLatency(ms)	N/A	Trials	42456
ElapsedTime(s)	41409	EstimatedLatency(ms)	N/A	Trials	42520
ElapsedTime(s)	41466	EstimatedLatency(ms)	N/A	Trials	42584
ElapsedTime(s)	41507	EstimatedLatency(ms)	N/A	Trials	42648
ElapsedTime(s)	41643	EstimatedLatency(ms)	N/A	Trials	42712
ElapsedTime(s)	41689	EstimatedLatency(ms)	N/A	Trials	42776
ElapsedTime(s)	41745	EstimatedLatency(ms)	N/A	Trials	42840
ElapsedTime(s)	41900	EstimatedLatency(ms)	N/A	Trials	42904
ElapsedTime(s)	41951	EstimatedLatency(ms)	N/A	Trials	42968
ElapsedTime(s)	42011	EstimatedLatency(ms)	N/A	Trials	43032
ElapsedTime(s)	42066	EstimatedLatency(ms)	N/A	Trials	43096
ElapsedTime(s)	42106	EstimatedLatency(ms)	N/A	Trials	43160
ElapsedTime(s)	42254	EstimatedLatency(ms)	N/A	Trials	43224
ElapsedTime(s)	42309	EstimatedLatency(ms)	N/A	Trials	43288
ElapsedTime(s)	42442	EstimatedLatency(ms)	N/A	Trials	43352
ElapsedTime(s)	42493	EstimatedLatency(ms)	N/A	Trials	43416
ElapsedTime(s)	42531	EstimatedLatency(ms)	N/A	Trials	43480
ElapsedTime(s)	42570	EstimatedLatency(ms)	N/A	Trials	43544
ElapsedTime(s)	42619	EstimatedLatency(ms)	N/A	Trials	43608
ElapsedTime(s)	42674	EstimatedLatency(ms)	N/A	Trials	43672
ElapsedTime(s)	42719	EstimatedLatency(ms)	N/A	Trials	43736
ElapsedTime(s)	42771	EstimatedLatency(ms)	N/A	Trials	43800
ElapsedTime(s)	42811	EstimatedLatency(ms)	N/A	Trials	43864
ElapsedTime(s)	42868	EstimatedLatency(ms)	N/A	Trials	43928
ElapsedTime(s)	42934	EstimatedLatency(ms)	N/A	Trials	43992
ElapsedTime(s)	42986	EstimatedLatency(ms)	N/A	Trials	44056
ElapsedTime(s)	43040	EstimatedLatency(ms)	N/A	Trials	44120
ElapsedTime(s)	43101	EstimatedLatency(ms)	N/A	Trials	44184
ElapsedTime(s)	43146	EstimatedLatency(ms)	N/A	Trials	44248
ElapsedTime(s)	43205	EstimatedLatency(ms)	N/A	Trials	44312
ElapsedTime(s)	43257	EstimatedLatency(ms)	N/A	Trials	44376
ElapsedTime(s)	43303	EstimatedLatency(ms)	N/A	Trials	44440
ElapsedTime(s)	43360	EstimatedLatency(ms)	N/A	Trials	44504
ElapsedTime(s)	43414	EstimatedLatency(ms)	N/A	Trials	44568
ElapsedTime(s)	43462	EstimatedLatency(ms)	N/A	Trials	44632
ElapsedTime(s)	43607	EstimatedLatency(ms)	N/A	Trials	44696
ElapsedTime(s)	43647	EstimatedLatency(ms)	N/A	Trials	44760
ElapsedTime(s)	43696	EstimatedLatency(ms)	N/A	Trials	44824
ElapsedTime(s)	43762	EstimatedLatency(ms)	N/A	Trials	44888
ElapsedTime(s)	43822	EstimatedLatency(ms)	N/A	Trials	44952
ElapsedTime(s)	43873	EstimatedLatency(ms)	N/A	Trials	45016
ElapsedTime(s)	43917	EstimatedLatency(ms)	N/A	Trials	45080
ElapsedTime(s)	43960	EstimatedLatency(ms)	N/A	Trials	45144
ElapsedTime(s)	44012	EstimatedLatency(ms)	N/A	Trials	45208
ElapsedTime(s)	44060	EstimatedLatency(ms)	N/A	Trials	45272
ElapsedTime(s)	44190	EstimatedLatency(ms)	N/A	Trials	45336
ElapsedTime(s)	44243	EstimatedLatency(ms)	N/A	Trials	45400
ElapsedTime(s)	44292	EstimatedLatency(ms)	N/A	Trials	45464
ElapsedTime(s)	44345	EstimatedLatency(ms)	N/A	Trials	45528
ElapsedTime(s)	44400	EstimatedLatency(ms)	N/A	Trials	45592
ElapsedTime(s)	44457	EstimatedLatency(ms)	N/A	Trials	45656
ElapsedTime(s)	44507	EstimatedLatency(ms)	N/A	Trials	45720
ElapsedTime(s)	44555	EstimatedLatency(ms)	N/A	Trials	45784
ElapsedTime(s)	44702	EstimatedLatency(ms)	N/A	Trials	45848
ElapsedTime(s)	44763	EstimatedLatency(ms)	N/A	Trials	45912
ElapsedTime(s)	44906	EstimatedLatency(ms)	N/A	Trials	45976
ElapsedTime(s)	44977	EstimatedLatency(ms)	N/A	Trials	46040
ElapsedTime(s)	45038	EstimatedLatency(ms)	N/A	Trials	46104
ElapsedTime(s)	45091	EstimatedLatency(ms)	N/A	Trials	46168
ElapsedTime(s)	45132	EstimatedLatency(ms)	N/A	Trials	46232
ElapsedTime(s)	45175	EstimatedLatency(ms)	N/A	Trials	46296
ElapsedTime(s)	45218	EstimatedLatency(ms)	N/A	Trials	46360
ElapsedTime(s)	45274	EstimatedLatency(ms)	N/A	Trials	46424
ElapsedTime(s)	45406	EstimatedLatency(ms)	N/A	Trials	46488
ElapsedTime(s)	45470	EstimatedLatency(ms)	N/A	Trials	46552
ElapsedTime(s)	45529	EstimatedLatency(ms)	N/A	Trials	46616
ElapsedTime(s)	45581	EstimatedLatency(ms)	N/A	Trials	46680
ElapsedTime(s)	45646	EstimatedLatency(ms)	N/A	Trials	46744
ElapsedTime(s)	45713	EstimatedLatency(ms)	N/A	Trials	46808
ElapsedTime(s)	45754	EstimatedLatency(ms)	N/A	Trials	46872
ElapsedTime(s)	45800	EstimatedLatency(ms)	N/A	Trials	46936
ElapsedTime(s)	45858	EstimatedLatency(ms)	N/A	Trials	47000
ElapsedTime(s)	45920	EstimatedLatency(ms)	N/A	Trials	47064
ElapsedTime(s)	45984	EstimatedLatency(ms)	N/A	Trials	47128
ElapsedTime(s)	46035	EstimatedLatency(ms)	N/A	Trials	47192
ElapsedTime(s)	46183	EstimatedLatency(ms)	N/A	Trials	47256
ElapsedTime(s)	46238	EstimatedLatency(ms)	N/A	Trials	47320
ElapsedTime(s)	46377	EstimatedLatency(ms)	N/A	Trials	47384
ElapsedTime(s)	46428	EstimatedLatency(ms)	N/A	Trials	47448
ElapsedTime(s)	46468	EstimatedLatency(ms)	N/A	Trials	47512
ElapsedTime(s)	46519	EstimatedLatency(ms)	N/A	Trials	47576
ElapsedTime(s)	46570	EstimatedLatency(ms)	N/A	Trials	47640
ElapsedTime(s)	46634	EstimatedLatency(ms)	N/A	Trials	47704
ElapsedTime(s)	46688	EstimatedLatency(ms)	N/A	Trials	47768
ElapsedTime(s)	46737	EstimatedLatency(ms)	N/A	Trials	47832
ElapsedTime(s)	46792	EstimatedLatency(ms)	N/A	Trials	47896
ElapsedTime(s)	46844	EstimatedLatency(ms)	N/A	Trials	47960
ElapsedTime(s)	46995	EstimatedLatency(ms)	N/A	Trials	48024
ElapsedTime(s)	47125	EstimatedLatency(ms)	N/A	Trials	48088
ElapsedTime(s)	47188	EstimatedLatency(ms)	N/A	Trials	48152
ElapsedTime(s)	47344	EstimatedLatency(ms)	N/A	Trials	48216
ElapsedTime(s)	47399	EstimatedLatency(ms)	N/A	Trials	48280
ElapsedTime(s)	47454	EstimatedLatency(ms)	N/A	Trials	48344
ElapsedTime(s)	47504	EstimatedLatency(ms)	N/A	Trials	48408
ElapsedTime(s)	47572	EstimatedLatency(ms)	N/A	Trials	48472
ElapsedTime(s)	47617	EstimatedLatency(ms)	N/A	Trials	48536
ElapsedTime(s)	47671	EstimatedLatency(ms)	N/A	Trials	48600
ElapsedTime(s)	47713	EstimatedLatency(ms)	N/A	Trials	48664
ElapsedTime(s)	47760	EstimatedLatency(ms)	N/A	Trials	48728
ElapsedTime(s)	47818	EstimatedLatency(ms)	N/A	Trials	48792
ElapsedTime(s)	47865	EstimatedLatency(ms)	N/A	Trials	48856
ElapsedTime(s)	47918	EstimatedLatency(ms)	N/A	Trials	48920
ElapsedTime(s)	47957	EstimatedLatency(ms)	N/A	Trials	48984
ElapsedTime(s)	48093	EstimatedLatency(ms)	N/A	Trials	49048
ElapsedTime(s)	48149	EstimatedLatency(ms)	N/A	Trials	49112
ElapsedTime(s)	48195	EstimatedLatency(ms)	N/A	Trials	49176
ElapsedTime(s)	48350	EstimatedLatency(ms)	N/A	Trials	49240
ElapsedTime(s)	48412	EstimatedLatency(ms)	N/A	Trials	49304
ElapsedTime(s)	48475	EstimatedLatency(ms)	N/A	Trials	49368
ElapsedTime(s)	48535	EstimatedLatency(ms)	N/A	Trials	49432
ElapsedTime(s)	48602	EstimatedLatency(ms)	N/A	Trials	49496
ElapsedTime(s)	48649	EstimatedLatency(ms)	N/A	Trials	49560
ElapsedTime(s)	48702	EstimatedLatency(ms)	N/A	Trials	49624
ElapsedTime(s)	48744	EstimatedLatency(ms)	N/A	Trials	49688
ElapsedTime(s)	48791	EstimatedLatency(ms)	N/A	Trials	49752
ElapsedTime(s)	48847	EstimatedLatency(ms)	N/A	Trials	49816
ElapsedTime(s)	48891	EstimatedLatency(ms)	N/A	Trials	49880
ElapsedTime(s)	48949	EstimatedLatency(ms)	N/A	Trials	49944
ElapsedTime(s)	49006	EstimatedLatency(ms)	N/A	Trials	50008
ElapsedTime(s)	49059	EstimatedLatency(ms)	N/A	Trials	50072
ElapsedTime(s)	49197	EstimatedLatency(ms)	N/A	Trials	50136
ElapsedTime(s)	49248	EstimatedLatency(ms)	N/A	Trials	50200
ElapsedTime(s)	49304	EstimatedLatency(ms)	N/A	Trials	50264
ElapsedTime(s)	49362	EstimatedLatency(ms)	N/A	Trials	50328
ElapsedTime(s)	49414	EstimatedLatency(ms)	N/A	Trials	50392
ElapsedTime(s)	49481	EstimatedLatency(ms)	N/A	Trials	50456
ElapsedTime(s)	49543	EstimatedLatency(ms)	N/A	Trials	50520
ElapsedTime(s)	49604	EstimatedLatency(ms)	N/A	Trials	50584
ElapsedTime(s)	49646	EstimatedLatency(ms)	N/A	Trials	50648
ElapsedTime(s)	49792	EstimatedLatency(ms)	N/A	Trials	50712
ElapsedTime(s)	49850	EstimatedLatency(ms)	N/A	Trials	50776
ElapsedTime(s)	49906	EstimatedLatency(ms)	N/A	Trials	50840
ElapsedTime(s)	49956	EstimatedLatency(ms)	N/A	Trials	50904
ElapsedTime(s)	50091	EstimatedLatency(ms)	N/A	Trials	50968
ElapsedTime(s)	50138	EstimatedLatency(ms)	N/A	Trials	51032
ElapsedTime(s)	50186	EstimatedLatency(ms)	N/A	Trials	51096
ElapsedTime(s)	50237	EstimatedLatency(ms)	N/A	Trials	51160
ElapsedTime(s)	50284	EstimatedLatency(ms)	N/A	Trials	51224
ElapsedTime(s)	50431	EstimatedLatency(ms)	N/A	Trials	51288
ElapsedTime(s)	50504	EstimatedLatency(ms)	N/A	Trials	51352
ElapsedTime(s)	50568	EstimatedLatency(ms)	N/A	Trials	51416
ElapsedTime(s)	50628	EstimatedLatency(ms)	N/A	Trials	51480
ElapsedTime(s)	50692	EstimatedLatency(ms)	N/A	Trials	51544
ElapsedTime(s)	50745	EstimatedLatency(ms)	N/A	Trials	51608
ElapsedTime(s)	50800	EstimatedLatency(ms)	N/A	Trials	51672
ElapsedTime(s)	50956	EstimatedLatency(ms)	N/A	Trials	51736
ElapsedTime(s)	51016	EstimatedLatency(ms)	N/A	Trials	51800
ElapsedTime(s)	51078	EstimatedLatency(ms)	N/A	Trials	51864
ElapsedTime(s)	51134	EstimatedLatency(ms)	N/A	Trials	51928
ElapsedTime(s)	51177	EstimatedLatency(ms)	N/A	Trials	51992
ElapsedTime(s)	51228	EstimatedLatency(ms)	N/A	Trials	52056
ElapsedTime(s)	51303	EstimatedLatency(ms)	N/A	Trials	52120
ElapsedTime(s)	51353	EstimatedLatency(ms)	N/A	Trials	52184
ElapsedTime(s)	51488	EstimatedLatency(ms)	N/A	Trials	52248
ElapsedTime(s)	51553	EstimatedLatency(ms)	N/A	Trials	52312
ElapsedTime(s)	51622	EstimatedLatency(ms)	N/A	Trials	52376
ElapsedTime(s)	51665	EstimatedLatency(ms)	N/A	Trials	52440
ElapsedTime(s)	51723	EstimatedLatency(ms)	N/A	Trials	52504
ElapsedTime(s)	51770	EstimatedLatency(ms)	N/A	Trials	52568
ElapsedTime(s)	51830	EstimatedLatency(ms)	N/A	Trials	52632
ElapsedTime(s)	51883	EstimatedLatency(ms)	N/A	Trials	52696
ElapsedTime(s)	52018	EstimatedLatency(ms)	N/A	Trials	52760
ElapsedTime(s)	52075	EstimatedLatency(ms)	N/A	Trials	52824
ElapsedTime(s)	52135	EstimatedLatency(ms)	N/A	Trials	52888
ElapsedTime(s)	52187	EstimatedLatency(ms)	N/A	Trials	52952
ElapsedTime(s)	52241	EstimatedLatency(ms)	N/A	Trials	53016
ElapsedTime(s)	52300	EstimatedLatency(ms)	N/A	Trials	53080
ElapsedTime(s)	52354	EstimatedLatency(ms)	N/A	Trials	53144
ElapsedTime(s)	52501	EstimatedLatency(ms)	N/A	Trials	53208
ElapsedTime(s)	52549	EstimatedLatency(ms)	N/A	Trials	53272
ElapsedTime(s)	52604	EstimatedLatency(ms)	N/A	Trials	53336
ElapsedTime(s)	52667	EstimatedLatency(ms)	N/A	Trials	53400
ElapsedTime(s)	52744	EstimatedLatency(ms)	N/A	Trials	53464
ElapsedTime(s)	52792	EstimatedLatency(ms)	N/A	Trials	53528
ElapsedTime(s)	52841	EstimatedLatency(ms)	N/A	Trials	53592
ElapsedTime(s)	52882	EstimatedLatency(ms)	N/A	Trials	53656
ElapsedTime(s)	52928	EstimatedLatency(ms)	N/A	Trials	53720
ElapsedTime(s)	52981	EstimatedLatency(ms)	N/A	Trials	53784
ElapsedTime(s)	53034	EstimatedLatency(ms)	N/A	Trials	53848
ElapsedTime(s)	53076	EstimatedLatency(ms)	N/A	Trials	53912
ElapsedTime(s)	53207	EstimatedLatency(ms)	N/A	Trials	53976
ElapsedTime(s)	53366	EstimatedLatency(ms)	N/A	Trials	54040
ElapsedTime(s)	53435	EstimatedLatency(ms)	N/A	Trials	54104
ElapsedTime(s)	53496	EstimatedLatency(ms)	N/A	Trials	54168
ElapsedTime(s)	53570	EstimatedLatency(ms)	N/A	Trials	54232
ElapsedTime(s)	53620	EstimatedLatency(ms)	N/A	Trials	54296
ElapsedTime(s)	53771	EstimatedLatency(ms)	N/A	Trials	54360
ElapsedTime(s)	53836	EstimatedLatency(ms)	N/A	Trials	54424
ElapsedTime(s)	53894	EstimatedLatency(ms)	N/A	Trials	54488
ElapsedTime(s)	53957	EstimatedLatency(ms)	N/A	Trials	54552
ElapsedTime(s)	54023	EstimatedLatency(ms)	N/A	Trials	54616
ElapsedTime(s)	54081	EstimatedLatency(ms)	N/A	Trials	54680
ElapsedTime(s)	54138	EstimatedLatency(ms)	N/A	Trials	54744
ElapsedTime(s)	54193	EstimatedLatency(ms)	N/A	Trials	54808
ElapsedTime(s)	54332	EstimatedLatency(ms)	N/A	Trials	54872
ElapsedTime(s)	54377	EstimatedLatency(ms)	N/A	Trials	54936
ElapsedTime(s)	54432	EstimatedLatency(ms)	N/A	Trials	55000
