ElapsedTime(s)	52	EstimatedLatency(ms)	N/A	Trials	64
ElapsedTime(s)	104	EstimatedLatency(ms)	N/A	Trials	128
ElapsedTime(s)	220	EstimatedLatency(ms)	N/A	Trials	192
ElapsedTime(s)	256	EstimatedLatency(ms)	N/A	Trials	256
ElapsedTime(s)	299	EstimatedLatency(ms)	N/A	Trials	320
ElapsedTime(s)	426	EstimatedLatency(ms)	N/A	Trials	384
ElapsedTime(s)	466	EstimatedLatency(ms)	N/A	Trials	448
ElapsedTime(s)	503	EstimatedLatency(ms)	N/A	Trials	512
ElapsedTime(s)	545	EstimatedLatency(ms)	N/A	Trials	576
ElapsedTime(s)	664	EstimatedLatency(ms)	N/A	Trials	640
ElapsedTime(s)	683	EstimatedLatency(ms)	N/A	Trials	704
ElapsedTime(s)	851	EstimatedLatency(ms)	N/A	Trials	768
ElapsedTime(s)	903	EstimatedLatency(ms)	N/A	Trials	832
ElapsedTime(s)	952	EstimatedLatency(ms)	N/A	Trials	896
ElapsedTime(s)	1076	EstimatedLatency(ms)	N/A	Trials	960
ElapsedTime(s)	1116	EstimatedLatency(ms)	N/A	Trials	1024
ElapsedTime(s)	1164	EstimatedLatency(ms)	N/A	Trials	1088
ElapsedTime(s)	1289	EstimatedLatency(ms)	N/A	Trials	1152
ElapsedTime(s)	1347	EstimatedLatency(ms)	N/A	Trials	1216
ElapsedTime(s)	1381	EstimatedLatency(ms)	N/A	Trials	1280
ElapsedTime(s)	1504	EstimatedLatency(ms)	N/A	Trials	1344
ElapsedTime(s)	1539	EstimatedLatency(ms)	N/A	Trials	1408
ElapsedTime(s)	1579	EstimatedLatency(ms)	N/A	Trials	1472
ElapsedTime(s)	1637	EstimatedLatency(ms)	N/A	Trials	1536
ElapsedTime(s)	1673	EstimatedLatency(ms)	N/A	Trials	1600
ElapsedTime(s)	1727	EstimatedLatency(ms)	N/A	Trials	1664
ElapsedTime(s)	1763	EstimatedLatency(ms)	N/A	Trials	1728
ElapsedTime(s)	1799	EstimatedLatency(ms)	N/A	Trials	1792
ElapsedTime(s)	1835	EstimatedLatency(ms)	N/A	Trials	1856
ElapsedTime(s)	1953	EstimatedLatency(ms)	N/A	Trials	1920
ElapsedTime(s)	1990	EstimatedLatency(ms)	N/A	Trials	1984
ElapsedTime(s)	2034	EstimatedLatency(ms)	N/A	Trials	2048
ElapsedTime(s)	2102	EstimatedLatency(ms)	N/A	Trials	2112
ElapsedTime(s)	2139	EstimatedLatency(ms)	N/A	Trials	2176
ElapsedTime(s)	2189	EstimatedLatency(ms)	N/A	Trials	2240
ElapsedTime(s)	2236	EstimatedLatency(ms)	N/A	Trials	2304
ElapsedTime(s)	2256	EstimatedLatency(ms)	N/A	Trials	2368
ElapsedTime(s)	2378	EstimatedLatency(ms)	N/A	Trials	2432
ElapsedTime(s)	2419	EstimatedLatency(ms)	N/A	Trials	2496
ElapsedTime(s)	2458	EstimatedLatency(ms)	N/A	Trials	2560
ElapsedTime(s)	2511	EstimatedLatency(ms)	N/A	Trials	2624
ElapsedTime(s)	2547	EstimatedLatency(ms)	N/A	Trials	2688
ElapsedTime(s)	2674	EstimatedLatency(ms)	N/A	Trials	2752
ElapsedTime(s)	2709	EstimatedLatency(ms)	N/A	Trials	2816
ElapsedTime(s)	2738	EstimatedLatency(ms)	N/A	Trials	2840
ElapsedTime(s)	2776	EstimatedLatency(ms)	N/A	Trials	2904
ElapsedTime(s)	2813	EstimatedLatency(ms)	N/A	Trials	2968
ElapsedTime(s)	2851	EstimatedLatency(ms)	N/A	Trials	3032
ElapsedTime(s)	2975	EstimatedLatency(ms)	N/A	Trials	3096
ElapsedTime(s)	3026	EstimatedLatency(ms)	N/A	Trials	3160
ElapsedTime(s)	3072	EstimatedLatency(ms)	N/A	Trials	3224
ElapsedTime(s)	3110	EstimatedLatency(ms)	N/A	Trials	3288
ElapsedTime(s)	3233	EstimatedLatency(ms)	N/A	Trials	3352
ElapsedTime(s)	3272	EstimatedLatency(ms)	N/A	Trials	3416
ElapsedTime(s)	3305	EstimatedLatency(ms)	N/A	Trials	3480
ElapsedTime(s)	3357	EstimatedLatency(ms)	N/A	Trials	3544
ElapsedTime(s)	3397	EstimatedLatency(ms)	N/A	Trials	3608
ElapsedTime(s)	3528	EstimatedLatency(ms)	N/A	Trials	3672
ElapsedTime(s)	3581	EstimatedLatency(ms)	N/A	Trials	3736
ElapsedTime(s)	3615	EstimatedLatency(ms)	N/A	Trials	3800
ElapsedTime(s)	3783	EstimatedLatency(ms)	N/A	Trials	3862
ElapsedTime(s)	3823	EstimatedLatency(ms)	N/A	Trials	3926
ElapsedTime(s)	3869	EstimatedLatency(ms)	N/A	Trials	3990
ElapsedTime(s)	3913	EstimatedLatency(ms)	N/A	Trials	4054
ElapsedTime(s)	4042	EstimatedLatency(ms)	N/A	Trials	4118
ElapsedTime(s)	4163	EstimatedLatency(ms)	N/A	Trials	4182
ElapsedTime(s)	4300	EstimatedLatency(ms)	N/A	Trials	4246
ElapsedTime(s)	4420	EstimatedLatency(ms)	N/A	Trials	4310
ElapsedTime(s)	4481	EstimatedLatency(ms)	N/A	Trials	4374
ElapsedTime(s)	4613	EstimatedLatency(ms)	N/A	Trials	4438
ElapsedTime(s)	4730	EstimatedLatency(ms)	N/A	Trials	4502
ElapsedTime(s)	4854	EstimatedLatency(ms)	N/A	Trials	4566
ElapsedTime(s)	4985	EstimatedLatency(ms)	N/A	Trials	4630
ElapsedTime(s)	5115	EstimatedLatency(ms)	N/A	Trials	4694
ElapsedTime(s)	5176	EstimatedLatency(ms)	N/A	Trials	4758
ElapsedTime(s)	5303	EstimatedLatency(ms)	N/A	Trials	4822
ElapsedTime(s)	5341	EstimatedLatency(ms)	N/A	Trials	4886
ElapsedTime(s)	5469	EstimatedLatency(ms)	N/A	Trials	4950
ElapsedTime(s)	5591	EstimatedLatency(ms)	N/A	Trials	5014
ElapsedTime(s)	5716	EstimatedLatency(ms)	N/A	Trials	5078
ElapsedTime(s)	5837	EstimatedLatency(ms)	N/A	Trials	5142
ElapsedTime(s)	5897	EstimatedLatency(ms)	N/A	Trials	5206
ElapsedTime(s)	6021	EstimatedLatency(ms)	N/A	Trials	5270
ElapsedTime(s)	6147	EstimatedLatency(ms)	N/A	Trials	5334
ElapsedTime(s)	6279	EstimatedLatency(ms)	N/A	Trials	5398
ElapsedTime(s)	6398	EstimatedLatency(ms)	N/A	Trials	5462
ElapsedTime(s)	6521	EstimatedLatency(ms)	N/A	Trials	5526
ElapsedTime(s)	6557	EstimatedLatency(ms)	N/A	Trials	5590
ElapsedTime(s)	6593	EstimatedLatency(ms)	N/A	Trials	5654
ElapsedTime(s)	6631	EstimatedLatency(ms)	N/A	Trials	5718
ElapsedTime(s)	6753	EstimatedLatency(ms)	N/A	Trials	5782
ElapsedTime(s)	6874	EstimatedLatency(ms)	N/A	Trials	5846
ElapsedTime(s)	6934	EstimatedLatency(ms)	N/A	Trials	5910
ElapsedTime(s)	7069	EstimatedLatency(ms)	N/A	Trials	5974
ElapsedTime(s)	7186	EstimatedLatency(ms)	N/A	Trials	6038
ElapsedTime(s)	7309	EstimatedLatency(ms)	N/A	Trials	6102
ElapsedTime(s)	7438	EstimatedLatency(ms)	N/A	Trials	6166
ElapsedTime(s)	7484	EstimatedLatency(ms)	N/A	Trials	6230
ElapsedTime(s)	7524	EstimatedLatency(ms)	N/A	Trials	6294
ElapsedTime(s)	7650	EstimatedLatency(ms)	N/A	Trials	6358
ElapsedTime(s)	7781	EstimatedLatency(ms)	N/A	Trials	6422
ElapsedTime(s)	7817	EstimatedLatency(ms)	N/A	Trials	6486
ElapsedTime(s)	7876	EstimatedLatency(ms)	N/A	Trials	6550
ElapsedTime(s)	7913	EstimatedLatency(ms)	N/A	Trials	6614
ElapsedTime(s)	8042	EstimatedLatency(ms)	N/A	Trials	6678
ElapsedTime(s)	8173	EstimatedLatency(ms)	N/A	Trials	6742
ElapsedTime(s)	8294	EstimatedLatency(ms)	N/A	Trials	6806
ElapsedTime(s)	8330	EstimatedLatency(ms)	N/A	Trials	6870
ElapsedTime(s)	8367	EstimatedLatency(ms)	N/A	Trials	6934
ElapsedTime(s)	8488	EstimatedLatency(ms)	N/A	Trials	6998
ElapsedTime(s)	8615	EstimatedLatency(ms)	N/A	Trials	7062
ElapsedTime(s)	8746	EstimatedLatency(ms)	N/A	Trials	7126
ElapsedTime(s)	8807	EstimatedLatency(ms)	N/A	Trials	7190
ElapsedTime(s)	8848	EstimatedLatency(ms)	N/A	Trials	7254
ElapsedTime(s)	8886	EstimatedLatency(ms)	N/A	Trials	7318
ElapsedTime(s)	9009	EstimatedLatency(ms)	N/A	Trials	7382
ElapsedTime(s)	9137	EstimatedLatency(ms)	N/A	Trials	7446
ElapsedTime(s)	9267	EstimatedLatency(ms)	N/A	Trials	7510
ElapsedTime(s)	9304	EstimatedLatency(ms)	N/A	Trials	7574
ElapsedTime(s)	9425	EstimatedLatency(ms)	N/A	Trials	7638
ElapsedTime(s)	9472	EstimatedLatency(ms)	N/A	Trials	7702
ElapsedTime(s)	9515	EstimatedLatency(ms)	N/A	Trials	7766
ElapsedTime(s)	9578	EstimatedLatency(ms)	N/A	Trials	7830
ElapsedTime(s)	9711	EstimatedLatency(ms)	N/A	Trials	7894
ElapsedTime(s)	9825	EstimatedLatency(ms)	N/A	Trials	7958
ElapsedTime(s)	9942	EstimatedLatency(ms)	N/A	Trials	8022
ElapsedTime(s)	10069	EstimatedLatency(ms)	N/A	Trials	8086
ElapsedTime(s)	10197	EstimatedLatency(ms)	N/A	Trials	8150
ElapsedTime(s)	10326	EstimatedLatency(ms)	N/A	Trials	8214
ElapsedTime(s)	10442	EstimatedLatency(ms)	N/A	Trials	8278
ElapsedTime(s)	10569	EstimatedLatency(ms)	N/A	Trials	8342
ElapsedTime(s)	10615	EstimatedLatency(ms)	N/A	Trials	8406
ElapsedTime(s)	10676	EstimatedLatency(ms)	N/A	Trials	8470
ElapsedTime(s)	10712	EstimatedLatency(ms)	N/A	Trials	8534
ElapsedTime(s)	10747	EstimatedLatency(ms)	N/A	Trials	8598
ElapsedTime(s)	10784	EstimatedLatency(ms)	N/A	Trials	8662
ElapsedTime(s)	10832	EstimatedLatency(ms)	N/A	Trials	8726
ElapsedTime(s)	10966	EstimatedLatency(ms)	N/A	Trials	8790
ElapsedTime(s)	11002	EstimatedLatency(ms)	N/A	Trials	8854
ElapsedTime(s)	11129	EstimatedLatency(ms)	N/A	Trials	8918
ElapsedTime(s)	11168	EstimatedLatency(ms)	N/A	Trials	8982
ElapsedTime(s)	11289	EstimatedLatency(ms)	N/A	Trials	9046
ElapsedTime(s)	11414	EstimatedLatency(ms)	N/A	Trials	9110
ElapsedTime(s)	11535	EstimatedLatency(ms)	N/A	Trials	9174
ElapsedTime(s)	11571	EstimatedLatency(ms)	N/A	Trials	9238
ElapsedTime(s)	11613	EstimatedLatency(ms)	N/A	Trials	9302
ElapsedTime(s)	11675	EstimatedLatency(ms)	N/A	Trials	9366
ElapsedTime(s)	11801	EstimatedLatency(ms)	N/A	Trials	9430
ElapsedTime(s)	11934	EstimatedLatency(ms)	N/A	Trials	9494
ElapsedTime(s)	11970	EstimatedLatency(ms)	N/A	Trials	9558
ElapsedTime(s)	12085	EstimatedLatency(ms)	N/A	Trials	9622
ElapsedTime(s)	12215	EstimatedLatency(ms)	N/A	Trials	9686
ElapsedTime(s)	12351	EstimatedLatency(ms)	N/A	Trials	9750
ElapsedTime(s)	12426	EstimatedLatency(ms)	N/A	Trials	9814
ElapsedTime(s)	12461	EstimatedLatency(ms)	N/A	Trials	9878
ElapsedTime(s)	12577	EstimatedLatency(ms)	N/A	Trials	9942
ElapsedTime(s)	12631	EstimatedLatency(ms)	N/A	Trials	10006
ElapsedTime(s)	12763	EstimatedLatency(ms)	N/A	Trials	10070
ElapsedTime(s)	12891	EstimatedLatency(ms)	N/A	Trials	10134
ElapsedTime(s)	12930	EstimatedLatency(ms)	N/A	Trials	10198
ElapsedTime(s)	13062	EstimatedLatency(ms)	N/A	Trials	10262
ElapsedTime(s)	13184	EstimatedLatency(ms)	N/A	Trials	10326
ElapsedTime(s)	13218	EstimatedLatency(ms)	N/A	Trials	10378
ElapsedTime(s)	13280	EstimatedLatency(ms)	N/A	Trials	10442
ElapsedTime(s)	13413	EstimatedLatency(ms)	N/A	Trials	10506
ElapsedTime(s)	13449	EstimatedLatency(ms)	N/A	Trials	10570
ElapsedTime(s)	13511	EstimatedLatency(ms)	N/A	Trials	10634
ElapsedTime(s)	13546	EstimatedLatency(ms)	N/A	Trials	10698
ElapsedTime(s)	13584	EstimatedLatency(ms)	N/A	Trials	10762
ElapsedTime(s)	13620	EstimatedLatency(ms)	N/A	Trials	10826
ElapsedTime(s)	13747	EstimatedLatency(ms)	N/A	Trials	10890
ElapsedTime(s)	13784	EstimatedLatency(ms)	N/A	Trials	10954
ElapsedTime(s)	13820	EstimatedLatency(ms)	N/A	Trials	11018
ElapsedTime(s)	13858	EstimatedLatency(ms)	N/A	Trials	11082
ElapsedTime(s)	13974	EstimatedLatency(ms)	N/A	Trials	11146
ElapsedTime(s)	14096	EstimatedLatency(ms)	N/A	Trials	11210
ElapsedTime(s)	14226	EstimatedLatency(ms)	N/A	Trials	11274
ElapsedTime(s)	14361	EstimatedLatency(ms)	N/A	Trials	11338
ElapsedTime(s)	14407	EstimatedLatency(ms)	N/A	Trials	11402
ElapsedTime(s)	14469	EstimatedLatency(ms)	N/A	Trials	11466
ElapsedTime(s)	14505	EstimatedLatency(ms)	N/A	Trials	11530
ElapsedTime(s)	14566	EstimatedLatency(ms)	N/A	Trials	11594
ElapsedTime(s)	14684	EstimatedLatency(ms)	N/A	Trials	11658
ElapsedTime(s)	14807	EstimatedLatency(ms)	N/A	Trials	11722
ElapsedTime(s)	14930	EstimatedLatency(ms)	N/A	Trials	11786
ElapsedTime(s)	14967	EstimatedLatency(ms)	N/A	Trials	11850
ElapsedTime(s)	15005	EstimatedLatency(ms)	N/A	Trials	11914
ElapsedTime(s)	15136	EstimatedLatency(ms)	N/A	Trials	11978
ElapsedTime(s)	15173	EstimatedLatency(ms)	N/A	Trials	12042
ElapsedTime(s)	15296	EstimatedLatency(ms)	N/A	Trials	12106
ElapsedTime(s)	15424	EstimatedLatency(ms)	N/A	Trials	12170
ElapsedTime(s)	15496	EstimatedLatency(ms)	N/A	Trials	12234
ElapsedTime(s)	15623	EstimatedLatency(ms)	N/A	Trials	12298
ElapsedTime(s)	15742	EstimatedLatency(ms)	N/A	Trials	12362
ElapsedTime(s)	15778	EstimatedLatency(ms)	N/A	Trials	12426
ElapsedTime(s)	15815	EstimatedLatency(ms)	N/A	Trials	12490
ElapsedTime(s)	15857	EstimatedLatency(ms)	N/A	Trials	12554
ElapsedTime(s)	15973	EstimatedLatency(ms)	N/A	Trials	12618
ElapsedTime(s)	16100	EstimatedLatency(ms)	N/A	Trials	12682
ElapsedTime(s)	16138	EstimatedLatency(ms)	N/A	Trials	12746
ElapsedTime(s)	16260	EstimatedLatency(ms)	N/A	Trials	12810
ElapsedTime(s)	16297	EstimatedLatency(ms)	N/A	Trials	12874
ElapsedTime(s)	16337	EstimatedLatency(ms)	N/A	Trials	12938
ElapsedTime(s)	16372	EstimatedLatency(ms)	N/A	Trials	13002
ElapsedTime(s)	16506	EstimatedLatency(ms)	N/A	Trials	13066
ElapsedTime(s)	16623	EstimatedLatency(ms)	N/A	Trials	13130
ElapsedTime(s)	16660	EstimatedLatency(ms)	N/A	Trials	13194
ElapsedTime(s)	16706	EstimatedLatency(ms)	N/A	Trials	13258
ElapsedTime(s)	16827	EstimatedLatency(ms)	N/A	Trials	13322
ElapsedTime(s)	16865	EstimatedLatency(ms)	N/A	Trials	13386
ElapsedTime(s)	16907	EstimatedLatency(ms)	N/A	Trials	13450
ElapsedTime(s)	16969	EstimatedLatency(ms)	N/A	Trials	13514
ElapsedTime(s)	17095	EstimatedLatency(ms)	N/A	Trials	13578
ElapsedTime(s)	17148	EstimatedLatency(ms)	N/A	Trials	13642
ElapsedTime(s)	17276	EstimatedLatency(ms)	N/A	Trials	13706
ElapsedTime(s)	17403	EstimatedLatency(ms)	N/A	Trials	13770
ElapsedTime(s)	17456	EstimatedLatency(ms)	N/A	Trials	13834
ElapsedTime(s)	17497	EstimatedLatency(ms)	N/A	Trials	13898
ElapsedTime(s)	17559	EstimatedLatency(ms)	N/A	Trials	13962
ElapsedTime(s)	17685	EstimatedLatency(ms)	N/A	Trials	14026
ElapsedTime(s)	17721	EstimatedLatency(ms)	N/A	Trials	14090
ElapsedTime(s)	17836	EstimatedLatency(ms)	N/A	Trials	14154
ElapsedTime(s)	17973	EstimatedLatency(ms)	N/A	Trials	14218
ElapsedTime(s)	18036	EstimatedLatency(ms)	N/A	Trials	14282
ElapsedTime(s)	18073	EstimatedLatency(ms)	N/A	Trials	14346
ElapsedTime(s)	18136	EstimatedLatency(ms)	N/A	Trials	14410
ElapsedTime(s)	18172	EstimatedLatency(ms)	N/A	Trials	14474
ElapsedTime(s)	18295	EstimatedLatency(ms)	N/A	Trials	14538
ElapsedTime(s)	18409	EstimatedLatency(ms)	N/A	Trials	14602
ElapsedTime(s)	18538	EstimatedLatency(ms)	N/A	Trials	14666
ElapsedTime(s)	18577	EstimatedLatency(ms)	N/A	Trials	14730
ElapsedTime(s)	18614	EstimatedLatency(ms)	N/A	Trials	14794
ElapsedTime(s)	18651	EstimatedLatency(ms)	N/A	Trials	14858
ElapsedTime(s)	18778	EstimatedLatency(ms)	N/A	Trials	14922
ElapsedTime(s)	18899	EstimatedLatency(ms)	N/A	Trials	14986
ElapsedTime(s)	19033	EstimatedLatency(ms)	N/A	Trials	15050
ElapsedTime(s)	19167	EstimatedLatency(ms)	N/A	Trials	15114
ElapsedTime(s)	19294	EstimatedLatency(ms)	N/A	Trials	15178
ElapsedTime(s)	19412	EstimatedLatency(ms)	N/A	Trials	15242
ElapsedTime(s)	19451	EstimatedLatency(ms)	N/A	Trials	15306
ElapsedTime(s)	19490	EstimatedLatency(ms)	N/A	Trials	15370
ElapsedTime(s)	19529	EstimatedLatency(ms)	N/A	Trials	15434
ElapsedTime(s)	19572	EstimatedLatency(ms)	N/A	Trials	15491
ElapsedTime(s)	19617	EstimatedLatency(ms)	N/A	Trials	15555
ElapsedTime(s)	19647	EstimatedLatency(ms)	N/A	Trials	15598
ElapsedTime(s)	19771	EstimatedLatency(ms)	N/A	Trials	15662
ElapsedTime(s)	19807	EstimatedLatency(ms)	N/A	Trials	15726
ElapsedTime(s)	19843	EstimatedLatency(ms)	N/A	Trials	15790
ElapsedTime(s)	19970	EstimatedLatency(ms)	N/A	Trials	15854
ElapsedTime(s)	20007	EstimatedLatency(ms)	N/A	Trials	15918
ElapsedTime(s)	20044	EstimatedLatency(ms)	N/A	Trials	15982
ElapsedTime(s)	20169	EstimatedLatency(ms)	N/A	Trials	16046
ElapsedTime(s)	20302	EstimatedLatency(ms)	N/A	Trials	16110
ElapsedTime(s)	20341	EstimatedLatency(ms)	N/A	Trials	16174
ElapsedTime(s)	20382	EstimatedLatency(ms)	N/A	Trials	16238
ElapsedTime(s)	20425	EstimatedLatency(ms)	N/A	Trials	16302
ElapsedTime(s)	20559	EstimatedLatency(ms)	N/A	Trials	16366
ElapsedTime(s)	20596	EstimatedLatency(ms)	N/A	Trials	16430
ElapsedTime(s)	20635	EstimatedLatency(ms)	N/A	Trials	16494
ElapsedTime(s)	20760	EstimatedLatency(ms)	N/A	Trials	16558
ElapsedTime(s)	20881	EstimatedLatency(ms)	N/A	Trials	16622
ElapsedTime(s)	20919	EstimatedLatency(ms)	N/A	Trials	16686
ElapsedTime(s)	21033	EstimatedLatency(ms)	N/A	Trials	16750
ElapsedTime(s)	21064	EstimatedLatency(ms)	N/A	Trials	16793
ElapsedTime(s)	21087	EstimatedLatency(ms)	N/A	Trials	16814
ElapsedTime(s)	21125	EstimatedLatency(ms)	N/A	Trials	16878
ElapsedTime(s)	21164	EstimatedLatency(ms)	N/A	Trials	16942
ElapsedTime(s)	21202	EstimatedLatency(ms)	N/A	Trials	17006
ElapsedTime(s)	21239	EstimatedLatency(ms)	N/A	Trials	17070
ElapsedTime(s)	21274	EstimatedLatency(ms)	N/A	Trials	17134
ElapsedTime(s)	21313	EstimatedLatency(ms)	N/A	Trials	17198
ElapsedTime(s)	21441	EstimatedLatency(ms)	N/A	Trials	17262
ElapsedTime(s)	21559	EstimatedLatency(ms)	N/A	Trials	17326
ElapsedTime(s)	21591	EstimatedLatency(ms)	N/A	Trials	17372
ElapsedTime(s)	21633	EstimatedLatency(ms)	N/A	Trials	17436
ElapsedTime(s)	21761	EstimatedLatency(ms)	N/A	Trials	17500
ElapsedTime(s)	21799	EstimatedLatency(ms)	N/A	Trials	17564
ElapsedTime(s)	21847	EstimatedLatency(ms)	N/A	Trials	17628
ElapsedTime(s)	21983	EstimatedLatency(ms)	N/A	Trials	17692
ElapsedTime(s)	22104	EstimatedLatency(ms)	N/A	Trials	17756
ElapsedTime(s)	22146	EstimatedLatency(ms)	N/A	Trials	17820
ElapsedTime(s)	22184	EstimatedLatency(ms)	N/A	Trials	17884
ElapsedTime(s)	22242	EstimatedLatency(ms)	N/A	Trials	17948
ElapsedTime(s)	22372	EstimatedLatency(ms)	N/A	Trials	18012
ElapsedTime(s)	22408	EstimatedLatency(ms)	N/A	Trials	18076
ElapsedTime(s)	22444	EstimatedLatency(ms)	N/A	Trials	18140
ElapsedTime(s)	22580	EstimatedLatency(ms)	N/A	Trials	18204
ElapsedTime(s)	22620	EstimatedLatency(ms)	N/A	Trials	18268
ElapsedTime(s)	22663	EstimatedLatency(ms)	N/A	Trials	18332
ElapsedTime(s)	22788	EstimatedLatency(ms)	N/A	Trials	18396
ElapsedTime(s)	22828	EstimatedLatency(ms)	N/A	Trials	18460
ElapsedTime(s)	22864	EstimatedLatency(ms)	N/A	Trials	18524
ElapsedTime(s)	22895	EstimatedLatency(ms)	N/A	Trials	18569
ElapsedTime(s)	23020	EstimatedLatency(ms)	N/A	Trials	18633
ElapsedTime(s)	23075	EstimatedLatency(ms)	N/A	Trials	18697
ElapsedTime(s)	23209	EstimatedLatency(ms)	N/A	Trials	18761
ElapsedTime(s)	23246	EstimatedLatency(ms)	N/A	Trials	18825
ElapsedTime(s)	23285	EstimatedLatency(ms)	N/A	Trials	18889
ElapsedTime(s)	23415	EstimatedLatency(ms)	N/A	Trials	18953
ElapsedTime(s)	23454	EstimatedLatency(ms)	N/A	Trials	19017
ElapsedTime(s)	23496	EstimatedLatency(ms)	N/A	Trials	19081
ElapsedTime(s)	23536	EstimatedLatency(ms)	N/A	Trials	19145
ElapsedTime(s)	23675	EstimatedLatency(ms)	N/A	Trials	19209
ElapsedTime(s)	23800	EstimatedLatency(ms)	N/A	Trials	19273
ElapsedTime(s)	23840	EstimatedLatency(ms)	N/A	Trials	19337
ElapsedTime(s)	23954	EstimatedLatency(ms)	N/A	Trials	19401
ElapsedTime(s)	23992	EstimatedLatency(ms)	N/A	Trials	19465
ElapsedTime(s)	24032	EstimatedLatency(ms)	N/A	Trials	19529
ElapsedTime(s)	24162	EstimatedLatency(ms)	N/A	Trials	19593
ElapsedTime(s)	24201	EstimatedLatency(ms)	N/A	Trials	19657
ElapsedTime(s)	24336	EstimatedLatency(ms)	N/A	Trials	19721
ElapsedTime(s)	24374	EstimatedLatency(ms)	N/A	Trials	19785
ElapsedTime(s)	24501	EstimatedLatency(ms)	N/A	Trials	19849
ElapsedTime(s)	24549	EstimatedLatency(ms)	N/A	Trials	19913
ElapsedTime(s)	24586	EstimatedLatency(ms)	N/A	Trials	19977
ElapsedTime(s)	24626	EstimatedLatency(ms)	N/A	Trials	20041
ElapsedTime(s)	24661	EstimatedLatency(ms)	N/A	Trials	20105
ElapsedTime(s)	24700	EstimatedLatency(ms)	N/A	Trials	20152
ElapsedTime(s)	24739	EstimatedLatency(ms)	N/A	Trials	20216
ElapsedTime(s)	24781	EstimatedLatency(ms)	N/A	Trials	20280
ElapsedTime(s)	24820	EstimatedLatency(ms)	N/A	Trials	20344
ElapsedTime(s)	24956	EstimatedLatency(ms)	N/A	Trials	20408
ElapsedTime(s)	25087	EstimatedLatency(ms)	N/A	Trials	20472
ElapsedTime(s)	25214	EstimatedLatency(ms)	N/A	Trials	20536
ElapsedTime(s)	25254	EstimatedLatency(ms)	N/A	Trials	20600
ElapsedTime(s)	25294	EstimatedLatency(ms)	N/A	Trials	20664
ElapsedTime(s)	25334	EstimatedLatency(ms)	N/A	Trials	20728
ElapsedTime(s)	25373	EstimatedLatency(ms)	N/A	Trials	20792
ElapsedTime(s)	25410	EstimatedLatency(ms)	N/A	Trials	20856
ElapsedTime(s)	25533	EstimatedLatency(ms)	N/A	Trials	20920
ElapsedTime(s)	25573	EstimatedLatency(ms)	N/A	Trials	20984
ElapsedTime(s)	25611	EstimatedLatency(ms)	N/A	Trials	21028
ElapsedTime(s)	25732	EstimatedLatency(ms)	N/A	Trials	21092
ElapsedTime(s)	25771	EstimatedLatency(ms)	N/A	Trials	21156
ElapsedTime(s)	25887	EstimatedLatency(ms)	N/A	Trials	21220
ElapsedTime(s)	25923	EstimatedLatency(ms)	N/A	Trials	21284
ElapsedTime(s)	26053	EstimatedLatency(ms)	N/A	Trials	21348
ElapsedTime(s)	26182	EstimatedLatency(ms)	N/A	Trials	21412
ElapsedTime(s)	26231	EstimatedLatency(ms)	N/A	Trials	21476
ElapsedTime(s)	26375	EstimatedLatency(ms)	N/A	Trials	21540
ElapsedTime(s)	26418	EstimatedLatency(ms)	N/A	Trials	21583
ElapsedTime(s)	26460	EstimatedLatency(ms)	N/A	Trials	21647
ElapsedTime(s)	26584	EstimatedLatency(ms)	N/A	Trials	21711
ElapsedTime(s)	26602	EstimatedLatency(ms)	N/A	Trials	21718
ElapsedTime(s)	26643	EstimatedLatency(ms)	N/A	Trials	21782
ElapsedTime(s)	26708	EstimatedLatency(ms)	N/A	Trials	21805
ElapsedTime(s)	26753	EstimatedLatency(ms)	N/A	Trials	21869
ElapsedTime(s)	26795	EstimatedLatency(ms)	N/A	Trials	21933
ElapsedTime(s)	26834	EstimatedLatency(ms)	N/A	Trials	21997
ElapsedTime(s)	26963	EstimatedLatency(ms)	N/A	Trials	22061
ElapsedTime(s)	27003	EstimatedLatency(ms)	N/A	Trials	22125
ElapsedTime(s)	27122	EstimatedLatency(ms)	N/A	Trials	22189
ElapsedTime(s)	27163	EstimatedLatency(ms)	N/A	Trials	22253
ElapsedTime(s)	27202	EstimatedLatency(ms)	N/A	Trials	22317
ElapsedTime(s)	27241	EstimatedLatency(ms)	N/A	Trials	22381
ElapsedTime(s)	27281	EstimatedLatency(ms)	N/A	Trials	22445
ElapsedTime(s)	27321	EstimatedLatency(ms)	N/A	Trials	22509
ElapsedTime(s)	27444	EstimatedLatency(ms)	N/A	Trials	22573
ElapsedTime(s)	27575	EstimatedLatency(ms)	N/A	Trials	22637
ElapsedTime(s)	27632	EstimatedLatency(ms)	N/A	Trials	22701
ElapsedTime(s)	27671	EstimatedLatency(ms)	N/A	Trials	22765
ElapsedTime(s)	27792	EstimatedLatency(ms)	N/A	Trials	22829
ElapsedTime(s)	27855	EstimatedLatency(ms)	N/A	Trials	22846
ElapsedTime(s)	27890	EstimatedLatency(ms)	N/A	Trials	22910
ElapsedTime(s)	28012	EstimatedLatency(ms)	N/A	Trials	22974
ElapsedTime(s)	28140	EstimatedLatency(ms)	N/A	Trials	23038
ElapsedTime(s)	28183	EstimatedLatency(ms)	N/A	Trials	23102
ElapsedTime(s)	28220	EstimatedLatency(ms)	N/A	Trials	23166
ElapsedTime(s)	28261	EstimatedLatency(ms)	N/A	Trials	23230
ElapsedTime(s)	28319	EstimatedLatency(ms)	N/A	Trials	23294
ElapsedTime(s)	28338	EstimatedLatency(ms)	N/A	Trials	23309
ElapsedTime(s)	28356	EstimatedLatency(ms)	N/A	Trials	23323
ElapsedTime(s)	28395	EstimatedLatency(ms)	N/A	Trials	23387
ElapsedTime(s)	28439	EstimatedLatency(ms)	N/A	Trials	23451
ElapsedTime(s)	28551	EstimatedLatency(ms)	N/A	Trials	23515
ElapsedTime(s)	28592	EstimatedLatency(ms)	N/A	Trials	23579
ElapsedTime(s)	28722	EstimatedLatency(ms)	N/A	Trials	23643
ElapsedTime(s)	28767	EstimatedLatency(ms)	N/A	Trials	23707
ElapsedTime(s)	28894	EstimatedLatency(ms)	N/A	Trials	23771
ElapsedTime(s)	29031	EstimatedLatency(ms)	N/A	Trials	23835
ElapsedTime(s)	29070	EstimatedLatency(ms)	N/A	Trials	23899
ElapsedTime(s)	29110	EstimatedLatency(ms)	N/A	Trials	23963
ElapsedTime(s)	29147	EstimatedLatency(ms)	N/A	Trials	24027
ElapsedTime(s)	29188	EstimatedLatency(ms)	N/A	Trials	24091
ElapsedTime(s)	29244	EstimatedLatency(ms)	N/A	Trials	24155
ElapsedTime(s)	29371	EstimatedLatency(ms)	N/A	Trials	24219
ElapsedTime(s)	29503	EstimatedLatency(ms)	N/A	Trials	24283
ElapsedTime(s)	29541	EstimatedLatency(ms)	N/A	Trials	24347
ElapsedTime(s)	29685	EstimatedLatency(ms)	N/A	Trials	24411
ElapsedTime(s)	29724	EstimatedLatency(ms)	N/A	Trials	24475
ElapsedTime(s)	29761	EstimatedLatency(ms)	N/A	Trials	24539
ElapsedTime(s)	29877	EstimatedLatency(ms)	N/A	Trials	24603
ElapsedTime(s)	29915	EstimatedLatency(ms)	N/A	Trials	24667
ElapsedTime(s)	29960	EstimatedLatency(ms)	N/A	Trials	24731
ElapsedTime(s)	29998	EstimatedLatency(ms)	N/A	Trials	24795
ElapsedTime(s)	30037	EstimatedLatency(ms)	N/A	Trials	24859
ElapsedTime(s)	30164	EstimatedLatency(ms)	N/A	Trials	24923
ElapsedTime(s)	30284	EstimatedLatency(ms)	N/A	Trials	24987
ElapsedTime(s)	30323	EstimatedLatency(ms)	N/A	Trials	25051
ElapsedTime(s)	30363	EstimatedLatency(ms)	N/A	Trials	25115
ElapsedTime(s)	30400	EstimatedLatency(ms)	N/A	Trials	25179
ElapsedTime(s)	30422	EstimatedLatency(ms)	N/A	Trials	25195
ElapsedTime(s)	30460	EstimatedLatency(ms)	N/A	Trials	25259
ElapsedTime(s)	30499	EstimatedLatency(ms)	N/A	Trials	25323
ElapsedTime(s)	30509	EstimatedLatency(ms)	N/A	Trials	25323
ElapsedTime(s)	30549	EstimatedLatency(ms)	N/A	Trials	25387
ElapsedTime(s)	30585	EstimatedLatency(ms)	N/A	Trials	25451
ElapsedTime(s)	30714	EstimatedLatency(ms)	N/A	Trials	25515
ElapsedTime(s)	30753	EstimatedLatency(ms)	N/A	Trials	25579
ElapsedTime(s)	30875	EstimatedLatency(ms)	N/A	Trials	25643
ElapsedTime(s)	30912	EstimatedLatency(ms)	N/A	Trials	25707
ElapsedTime(s)	30950	EstimatedLatency(ms)	N/A	Trials	25771
ElapsedTime(s)	30989	EstimatedLatency(ms)	N/A	Trials	25835
ElapsedTime(s)	31114	EstimatedLatency(ms)	N/A	Trials	25899
ElapsedTime(s)	31153	EstimatedLatency(ms)	N/A	Trials	25963
ElapsedTime(s)	31288	EstimatedLatency(ms)	N/A	Trials	26027
ElapsedTime(s)	31398	EstimatedLatency(ms)	N/A	Trials	26091
ElapsedTime(s)	31527	EstimatedLatency(ms)	N/A	Trials	26155
ElapsedTime(s)	31567	EstimatedLatency(ms)	N/A	Trials	26219
ElapsedTime(s)	31625	EstimatedLatency(ms)	N/A	Trials	26283
ElapsedTime(s)	31666	EstimatedLatency(ms)	N/A	Trials	26347
ElapsedTime(s)	31707	EstimatedLatency(ms)	N/A	Trials	26411
ElapsedTime(s)	31749	EstimatedLatency(ms)	N/A	Trials	26475
ElapsedTime(s)	31788	EstimatedLatency(ms)	N/A	Trials	26539
ElapsedTime(s)	31828	EstimatedLatency(ms)	N/A	Trials	26603
ElapsedTime(s)	31867	EstimatedLatency(ms)	N/A	Trials	26667
ElapsedTime(s)	31992	EstimatedLatency(ms)	N/A	Trials	26731
ElapsedTime(s)	32134	EstimatedLatency(ms)	N/A	Trials	26795
ElapsedTime(s)	32158	EstimatedLatency(ms)	N/A	Trials	26808
ElapsedTime(s)	32199	EstimatedLatency(ms)	N/A	Trials	26872
ElapsedTime(s)	32238	EstimatedLatency(ms)	N/A	Trials	26936
ElapsedTime(s)	32276	EstimatedLatency(ms)	N/A	Trials	27000
ElapsedTime(s)	32315	EstimatedLatency(ms)	N/A	Trials	27064
ElapsedTime(s)	32444	EstimatedLatency(ms)	N/A	Trials	27128
ElapsedTime(s)	32484	EstimatedLatency(ms)	N/A	Trials	27192
ElapsedTime(s)	32522	EstimatedLatency(ms)	N/A	Trials	27256
ElapsedTime(s)	32566	EstimatedLatency(ms)	N/A	Trials	27320
ElapsedTime(s)	32677	EstimatedLatency(ms)	N/A	Trials	27384
ElapsedTime(s)	32714	EstimatedLatency(ms)	N/A	Trials	27448
ElapsedTime(s)	32755	EstimatedLatency(ms)	N/A	Trials	27512
ElapsedTime(s)	32778	EstimatedLatency(ms)	N/A	Trials	27531
ElapsedTime(s)	32819	EstimatedLatency(ms)	N/A	Trials	27595
ElapsedTime(s)	32957	EstimatedLatency(ms)	N/A	Trials	27659
ElapsedTime(s)	32997	EstimatedLatency(ms)	N/A	Trials	27723
ElapsedTime(s)	33129	EstimatedLatency(ms)	N/A	Trials	27787
ElapsedTime(s)	33245	EstimatedLatency(ms)	N/A	Trials	27851
ElapsedTime(s)	33282	EstimatedLatency(ms)	N/A	Trials	27915
ElapsedTime(s)	33321	EstimatedLatency(ms)	N/A	Trials	27979
ElapsedTime(s)	33363	EstimatedLatency(ms)	N/A	Trials	28043
ElapsedTime(s)	33472	EstimatedLatency(ms)	N/A	Trials	28107
ElapsedTime(s)	33510	EstimatedLatency(ms)	N/A	Trials	28171
ElapsedTime(s)	33550	EstimatedLatency(ms)	N/A	Trials	28235
ElapsedTime(s)	33688	EstimatedLatency(ms)	N/A	Trials	28299
ElapsedTime(s)	33725	EstimatedLatency(ms)	N/A	Trials	28363
ElapsedTime(s)	33849	EstimatedLatency(ms)	N/A	Trials	28427
ElapsedTime(s)	33888	EstimatedLatency(ms)	N/A	Trials	28491
ElapsedTime(s)	33926	EstimatedLatency(ms)	N/A	Trials	28555
ElapsedTime(s)	33966	EstimatedLatency(ms)	N/A	Trials	28619
ElapsedTime(s)	34006	EstimatedLatency(ms)	N/A	Trials	28683
ElapsedTime(s)	34047	EstimatedLatency(ms)	N/A	Trials	28747
ElapsedTime(s)	34081	EstimatedLatency(ms)	N/A	Trials	28796
ElapsedTime(s)	34121	EstimatedLatency(ms)	N/A	Trials	28860
ElapsedTime(s)	34161	EstimatedLatency(ms)	N/A	Trials	28924
ElapsedTime(s)	34290	EstimatedLatency(ms)	N/A	Trials	28988
ElapsedTime(s)	34416	EstimatedLatency(ms)	N/A	Trials	29052
ElapsedTime(s)	34455	EstimatedLatency(ms)	N/A	Trials	29116
ElapsedTime(s)	34494	EstimatedLatency(ms)	N/A	Trials	29180
ElapsedTime(s)	34531	EstimatedLatency(ms)	N/A	Trials	29244
ElapsedTime(s)	34670	EstimatedLatency(ms)	N/A	Trials	29308
ElapsedTime(s)	34706	EstimatedLatency(ms)	N/A	Trials	29372
ElapsedTime(s)	34744	EstimatedLatency(ms)	N/A	Trials	29436
ElapsedTime(s)	34782	EstimatedLatency(ms)	N/A	Trials	29500
ElapsedTime(s)	34787	EstimatedLatency(ms)	N/A	Trials	29500
ElapsedTime(s)	34835	EstimatedLatency(ms)	N/A	Trials	29564
ElapsedTime(s)	34943	EstimatedLatency(ms)	N/A	Trials	29628
ElapsedTime(s)	34980	EstimatedLatency(ms)	N/A	Trials	29692
ElapsedTime(s)	35104	EstimatedLatency(ms)	N/A	Trials	29756
ElapsedTime(s)	35125	EstimatedLatency(ms)	N/A	Trials	29767
ElapsedTime(s)	35164	EstimatedLatency(ms)	N/A	Trials	29831
ElapsedTime(s)	35300	EstimatedLatency(ms)	N/A	Trials	29895
ElapsedTime(s)	35353	EstimatedLatency(ms)	N/A	Trials	29959
ElapsedTime(s)	35369	EstimatedLatency(ms)	N/A	Trials	29966
ElapsedTime(s)	35498	EstimatedLatency(ms)	N/A	Trials	30030
ElapsedTime(s)	35537	EstimatedLatency(ms)	N/A	Trials	30094
ElapsedTime(s)	35560	EstimatedLatency(ms)	N/A	Trials	30112
ElapsedTime(s)	35678	EstimatedLatency(ms)	N/A	Trials	30176
ElapsedTime(s)	35716	EstimatedLatency(ms)	N/A	Trials	30240
ElapsedTime(s)	35758	EstimatedLatency(ms)	N/A	Trials	30304
ElapsedTime(s)	35879	EstimatedLatency(ms)	N/A	Trials	30368
ElapsedTime(s)	35906	EstimatedLatency(ms)	N/A	Trials	30392
ElapsedTime(s)	35961	EstimatedLatency(ms)	N/A	Trials	30456
ElapsedTime(s)	36001	EstimatedLatency(ms)	N/A	Trials	30520
ElapsedTime(s)	36040	EstimatedLatency(ms)	N/A	Trials	30584
ElapsedTime(s)	36098	EstimatedLatency(ms)	N/A	Trials	30648
ElapsedTime(s)	36140	EstimatedLatency(ms)	N/A	Trials	30712
ElapsedTime(s)	36181	EstimatedLatency(ms)	N/A	Trials	30776
ElapsedTime(s)	36218	EstimatedLatency(ms)	N/A	Trials	30840
ElapsedTime(s)	36276	EstimatedLatency(ms)	N/A	Trials	30904
ElapsedTime(s)	36401	EstimatedLatency(ms)	N/A	Trials	30968
ElapsedTime(s)	36527	EstimatedLatency(ms)	N/A	Trials	31032
ElapsedTime(s)	36562	EstimatedLatency(ms)	N/A	Trials	31096
ElapsedTime(s)	36697	EstimatedLatency(ms)	N/A	Trials	31160
ElapsedTime(s)	36733	EstimatedLatency(ms)	N/A	Trials	31224
ElapsedTime(s)	36771	EstimatedLatency(ms)	N/A	Trials	31288
ElapsedTime(s)	36804	EstimatedLatency(ms)	N/A	Trials	31312
ElapsedTime(s)	36842	EstimatedLatency(ms)	N/A	Trials	31376
ElapsedTime(s)	36879	EstimatedLatency(ms)	N/A	Trials	31440
ElapsedTime(s)	36918	EstimatedLatency(ms)	N/A	Trials	31504
ElapsedTime(s)	36937	EstimatedLatency(ms)	N/A	Trials	31514
ElapsedTime(s)	36973	EstimatedLatency(ms)	N/A	Trials	31578
ElapsedTime(s)	37011	EstimatedLatency(ms)	N/A	Trials	31642
ElapsedTime(s)	37118	EstimatedLatency(ms)	N/A	Trials	31706
ElapsedTime(s)	37155	EstimatedLatency(ms)	N/A	Trials	31770
ElapsedTime(s)	37200	EstimatedLatency(ms)	N/A	Trials	31834
ElapsedTime(s)	37319	EstimatedLatency(ms)	N/A	Trials	31898
ElapsedTime(s)	37357	EstimatedLatency(ms)	N/A	Trials	31962
ElapsedTime(s)	37394	EstimatedLatency(ms)	N/A	Trials	32026
ElapsedTime(s)	37431	EstimatedLatency(ms)	N/A	Trials	32090
ElapsedTime(s)	37560	EstimatedLatency(ms)	N/A	Trials	32154
ElapsedTime(s)	37599	EstimatedLatency(ms)	N/A	Trials	32218
ElapsedTime(s)	37641	EstimatedLatency(ms)	N/A	Trials	32282
ElapsedTime(s)	37679	EstimatedLatency(ms)	N/A	Trials	32346
ElapsedTime(s)	37738	EstimatedLatency(ms)	N/A	Trials	32359
ElapsedTime(s)	37875	EstimatedLatency(ms)	N/A	Trials	32423
ElapsedTime(s)	37916	EstimatedLatency(ms)	N/A	Trials	32487
ElapsedTime(s)	37931	EstimatedLatency(ms)	N/A	Trials	32492
ElapsedTime(s)	37984	EstimatedLatency(ms)	N/A	Trials	32556
ElapsedTime(s)	38020	EstimatedLatency(ms)	N/A	Trials	32620
ElapsedTime(s)	38060	EstimatedLatency(ms)	N/A	Trials	32684
ElapsedTime(s)	38098	EstimatedLatency(ms)	N/A	Trials	32748
ElapsedTime(s)	38146	EstimatedLatency(ms)	N/A	Trials	32812
ElapsedTime(s)	38185	EstimatedLatency(ms)	N/A	Trials	32876
ElapsedTime(s)	38223	EstimatedLatency(ms)	N/A	Trials	32940
ElapsedTime(s)	38263	EstimatedLatency(ms)	N/A	Trials	33004
ElapsedTime(s)	38301	EstimatedLatency(ms)	N/A	Trials	33068
ElapsedTime(s)	38359	EstimatedLatency(ms)	N/A	Trials	33132
ElapsedTime(s)	38420	EstimatedLatency(ms)	N/A	Trials	33151
ElapsedTime(s)	38541	EstimatedLatency(ms)	N/A	Trials	33215
ElapsedTime(s)	38580	EstimatedLatency(ms)	N/A	Trials	33279
ElapsedTime(s)	38619	EstimatedLatency(ms)	N/A	Trials	33343
ElapsedTime(s)	38657	EstimatedLatency(ms)	N/A	Trials	33407
ElapsedTime(s)	38711	EstimatedLatency(ms)	N/A	Trials	33471
ElapsedTime(s)	38748	EstimatedLatency(ms)	N/A	Trials	33535
ElapsedTime(s)	38764	EstimatedLatency(ms)	N/A	Trials	33536
ElapsedTime(s)	38879	EstimatedLatency(ms)	N/A	Trials	33600
ElapsedTime(s)	38987	EstimatedLatency(ms)	N/A	Trials	33664
ElapsedTime(s)	39116	EstimatedLatency(ms)	N/A	Trials	33728
ElapsedTime(s)	39253	EstimatedLatency(ms)	N/A	Trials	33792
ElapsedTime(s)	39268	EstimatedLatency(ms)	N/A	Trials	33794
ElapsedTime(s)	39309	EstimatedLatency(ms)	N/A	Trials	33858
ElapsedTime(s)	39346	EstimatedLatency(ms)	N/A	Trials	33922
ElapsedTime(s)	39387	EstimatedLatency(ms)	N/A	Trials	33986
ElapsedTime(s)	39434	EstimatedLatency(ms)	N/A	Trials	34050
ElapsedTime(s)	39474	EstimatedLatency(ms)	N/A	Trials	34114
ElapsedTime(s)	39610	EstimatedLatency(ms)	N/A	Trials	34178
ElapsedTime(s)	39647	EstimatedLatency(ms)	N/A	Trials	34242
ElapsedTime(s)	39703	EstimatedLatency(ms)	N/A	Trials	34306
ElapsedTime(s)	39742	EstimatedLatency(ms)	N/A	Trials	34370
ElapsedTime(s)	39850	EstimatedLatency(ms)	N/A	Trials	34434
ElapsedTime(s)	39867	EstimatedLatency(ms)	N/A	Trials	34440
ElapsedTime(s)	39904	EstimatedLatency(ms)	N/A	Trials	34504
ElapsedTime(s)	39942	EstimatedLatency(ms)	N/A	Trials	34568
ElapsedTime(s)	39979	EstimatedLatency(ms)	N/A	Trials	34632
ElapsedTime(s)	40104	EstimatedLatency(ms)	N/A	Trials	34696
ElapsedTime(s)	40245	EstimatedLatency(ms)	N/A	Trials	34760
ElapsedTime(s)	40283	EstimatedLatency(ms)	N/A	Trials	34824
ElapsedTime(s)	40321	EstimatedLatency(ms)	N/A	Trials	34888
ElapsedTime(s)	40461	EstimatedLatency(ms)	N/A	Trials	34952
ElapsedTime(s)	40499	EstimatedLatency(ms)	N/A	Trials	35016
ElapsedTime(s)	40535	EstimatedLatency(ms)	N/A	Trials	35080
ElapsedTime(s)	40650	EstimatedLatency(ms)	N/A	Trials	35144
ElapsedTime(s)	40667	EstimatedLatency(ms)	N/A	Trials	35146
ElapsedTime(s)	40707	EstimatedLatency(ms)	N/A	Trials	35210
ElapsedTime(s)	40745	EstimatedLatency(ms)	N/A	Trials	35274
ElapsedTime(s)	40802	EstimatedLatency(ms)	N/A	Trials	35338
ElapsedTime(s)	40839	EstimatedLatency(ms)	N/A	Trials	35402
ElapsedTime(s)	40884	EstimatedLatency(ms)	N/A	Trials	35466
ElapsedTime(s)	40993	EstimatedLatency(ms)	N/A	Trials	35530
ElapsedTime(s)	41037	EstimatedLatency(ms)	N/A	Trials	35594
ElapsedTime(s)	41172	EstimatedLatency(ms)	N/A	Trials	35658
ElapsedTime(s)	41211	EstimatedLatency(ms)	N/A	Trials	35722
ElapsedTime(s)	41230	EstimatedLatency(ms)	N/A	Trials	35733
ElapsedTime(s)	41266	EstimatedLatency(ms)	N/A	Trials	35797
ElapsedTime(s)	41384	EstimatedLatency(ms)	N/A	Trials	35861
ElapsedTime(s)	41422	EstimatedLatency(ms)	N/A	Trials	35925
ElapsedTime(s)	41462	EstimatedLatency(ms)	N/A	Trials	35989
ElapsedTime(s)	41498	EstimatedLatency(ms)	N/A	Trials	36053
ElapsedTime(s)	41625	EstimatedLatency(ms)	N/A	Trials	36117
ElapsedTime(s)	41661	EstimatedLatency(ms)	N/A	Trials	36181
ElapsedTime(s)	41702	EstimatedLatency(ms)	N/A	Trials	36245
ElapsedTime(s)	41721	EstimatedLatency(ms)	N/A	Trials	36258
ElapsedTime(s)	41829	EstimatedLatency(ms)	N/A	Trials	36322
ElapsedTime(s)	41864	EstimatedLatency(ms)	N/A	Trials	36386
ElapsedTime(s)	41903	EstimatedLatency(ms)	N/A	Trials	36450
ElapsedTime(s)	42039	EstimatedLatency(ms)	N/A	Trials	36514
ElapsedTime(s)	42076	EstimatedLatency(ms)	N/A	Trials	36578
ElapsedTime(s)	42086	EstimatedLatency(ms)	N/A	Trials	36578
ElapsedTime(s)	42205	EstimatedLatency(ms)	N/A	Trials	36642
ElapsedTime(s)	42219	EstimatedLatency(ms)	N/A	Trials	36644
ElapsedTime(s)	42258	EstimatedLatency(ms)	N/A	Trials	36708
ElapsedTime(s)	42366	EstimatedLatency(ms)	N/A	Trials	36772
ElapsedTime(s)	42500	EstimatedLatency(ms)	N/A	Trials	36836
ElapsedTime(s)	42559	EstimatedLatency(ms)	N/A	Trials	36900
ElapsedTime(s)	42574	EstimatedLatency(ms)	N/A	Trials	36902
ElapsedTime(s)	42610	EstimatedLatency(ms)	N/A	Trials	36966
ElapsedTime(s)	42655	EstimatedLatency(ms)	N/A	Trials	37030
ElapsedTime(s)	42702	EstimatedLatency(ms)	N/A	Trials	37094
ElapsedTime(s)	42739	EstimatedLatency(ms)	N/A	Trials	37158
ElapsedTime(s)	42799	EstimatedLatency(ms)	N/A	Trials	37222
ElapsedTime(s)	42916	EstimatedLatency(ms)	N/A	Trials	37286
ElapsedTime(s)	42955	EstimatedLatency(ms)	N/A	Trials	37350
ElapsedTime(s)	43091	EstimatedLatency(ms)	N/A	Trials	37414
ElapsedTime(s)	43129	EstimatedLatency(ms)	N/A	Trials	37478
ElapsedTime(s)	43178	EstimatedLatency(ms)	N/A	Trials	37478
ElapsedTime(s)	43221	EstimatedLatency(ms)	N/A	Trials	37542
ElapsedTime(s)	43331	EstimatedLatency(ms)	N/A	Trials	37606
ElapsedTime(s)	43462	EstimatedLatency(ms)	N/A	Trials	37670
ElapsedTime(s)	43481	EstimatedLatency(ms)	N/A	Trials	37681
ElapsedTime(s)	43491	EstimatedLatency(ms)	N/A	Trials	37681
ElapsedTime(s)	43550	EstimatedLatency(ms)	N/A	Trials	37745
ElapsedTime(s)	43602	EstimatedLatency(ms)	N/A	Trials	37809
ElapsedTime(s)	43640	EstimatedLatency(ms)	N/A	Trials	37873
ElapsedTime(s)	43683	EstimatedLatency(ms)	N/A	Trials	37937
ElapsedTime(s)	43718	EstimatedLatency(ms)	N/A	Trials	38001
ElapsedTime(s)	43764	EstimatedLatency(ms)	N/A	Trials	38065
ElapsedTime(s)	43780	EstimatedLatency(ms)	N/A	Trials	38066
ElapsedTime(s)	43818	EstimatedLatency(ms)	N/A	Trials	38130
ElapsedTime(s)	43925	EstimatedLatency(ms)	N/A	Trials	38194
ElapsedTime(s)	43964	EstimatedLatency(ms)	N/A	Trials	38258
ElapsedTime(s)	44020	EstimatedLatency(ms)	N/A	Trials	38260
ElapsedTime(s)	44058	EstimatedLatency(ms)	N/A	Trials	38324
ElapsedTime(s)	44098	EstimatedLatency(ms)	N/A	Trials	38388
ElapsedTime(s)	44156	EstimatedLatency(ms)	N/A	Trials	38452
ElapsedTime(s)	44196	EstimatedLatency(ms)	N/A	Trials	38516
ElapsedTime(s)	44234	EstimatedLatency(ms)	N/A	Trials	38580
ElapsedTime(s)	44344	EstimatedLatency(ms)	N/A	Trials	38644
ElapsedTime(s)	44384	EstimatedLatency(ms)	N/A	Trials	38708
ElapsedTime(s)	44503	EstimatedLatency(ms)	N/A	Trials	38772
ElapsedTime(s)	44541	EstimatedLatency(ms)	N/A	Trials	38836
ElapsedTime(s)	44579	EstimatedLatency(ms)	N/A	Trials	38900
ElapsedTime(s)	44616	EstimatedLatency(ms)	N/A	Trials	38964
ElapsedTime(s)	44631	EstimatedLatency(ms)	N/A	Trials	38966
ElapsedTime(s)	44647	EstimatedLatency(ms)	N/A	Trials	38968
ElapsedTime(s)	44754	EstimatedLatency(ms)	N/A	Trials	39032
ElapsedTime(s)	44869	EstimatedLatency(ms)	N/A	Trials	39096
ElapsedTime(s)	44893	EstimatedLatency(ms)	N/A	Trials	39115
ElapsedTime(s)	44902	EstimatedLatency(ms)	N/A	Trials	39115
ElapsedTime(s)	44942	EstimatedLatency(ms)	N/A	Trials	39179
ElapsedTime(s)	45067	EstimatedLatency(ms)	N/A	Trials	39243
ElapsedTime(s)	45111	EstimatedLatency(ms)	N/A	Trials	39307
ElapsedTime(s)	45155	EstimatedLatency(ms)	N/A	Trials	39371
ElapsedTime(s)	45197	EstimatedLatency(ms)	N/A	Trials	39435
ElapsedTime(s)	45306	EstimatedLatency(ms)	N/A	Trials	39499
ElapsedTime(s)	45352	EstimatedLatency(ms)	N/A	Trials	39563
ElapsedTime(s)	45407	EstimatedLatency(ms)	N/A	Trials	39627
ElapsedTime(s)	45529	EstimatedLatency(ms)	N/A	Trials	39691
ElapsedTime(s)	45546	EstimatedLatency(ms)	N/A	Trials	39693
ElapsedTime(s)	45607	EstimatedLatency(ms)	N/A	Trials	39757
ElapsedTime(s)	45651	EstimatedLatency(ms)	N/A	Trials	39821
ElapsedTime(s)	45692	EstimatedLatency(ms)	N/A	Trials	39885
ElapsedTime(s)	45747	EstimatedLatency(ms)	N/A	Trials	39949
ElapsedTime(s)	45765	EstimatedLatency(ms)	N/A	Trials	39953
ElapsedTime(s)	45875	EstimatedLatency(ms)	N/A	Trials	40017
ElapsedTime(s)	45885	EstimatedLatency(ms)	N/A	Trials	40017
ElapsedTime(s)	45925	EstimatedLatency(ms)	N/A	Trials	40081
ElapsedTime(s)	45965	EstimatedLatency(ms)	N/A	Trials	40145
ElapsedTime(s)	46023	EstimatedLatency(ms)	N/A	Trials	40209
ElapsedTime(s)	46150	EstimatedLatency(ms)	N/A	Trials	40273
ElapsedTime(s)	46190	EstimatedLatency(ms)	N/A	Trials	40337
ElapsedTime(s)	46231	EstimatedLatency(ms)	N/A	Trials	40401
ElapsedTime(s)	46354	EstimatedLatency(ms)	N/A	Trials	40465
ElapsedTime(s)	46465	EstimatedLatency(ms)	N/A	Trials	40529
ElapsedTime(s)	46516	EstimatedLatency(ms)	N/A	Trials	40593
ElapsedTime(s)	46556	EstimatedLatency(ms)	N/A	Trials	40657
ElapsedTime(s)	46593	EstimatedLatency(ms)	N/A	Trials	40721
ElapsedTime(s)	46633	EstimatedLatency(ms)	N/A	Trials	40785
ElapsedTime(s)	46690	EstimatedLatency(ms)	N/A	Trials	40849
ElapsedTime(s)	46817	EstimatedLatency(ms)	N/A	Trials	40913
ElapsedTime(s)	46946	EstimatedLatency(ms)	N/A	Trials	40977
ElapsedTime(s)	46991	EstimatedLatency(ms)	N/A	Trials	41041
ElapsedTime(s)	47031	EstimatedLatency(ms)	N/A	Trials	41105
ElapsedTime(s)	47141	EstimatedLatency(ms)	N/A	Trials	41169
ElapsedTime(s)	47198	EstimatedLatency(ms)	N/A	Trials	41233
ElapsedTime(s)	47241	EstimatedLatency(ms)	N/A	Trials	41297
ElapsedTime(s)	47356	EstimatedLatency(ms)	N/A	Trials	41361
ElapsedTime(s)	47397	EstimatedLatency(ms)	N/A	Trials	41425
ElapsedTime(s)	47439	EstimatedLatency(ms)	N/A	Trials	41489
ElapsedTime(s)	47456	EstimatedLatency(ms)	N/A	Trials	41491
ElapsedTime(s)	47566	EstimatedLatency(ms)	N/A	Trials	41555
ElapsedTime(s)	47615	EstimatedLatency(ms)	N/A	Trials	41555
ElapsedTime(s)	47743	EstimatedLatency(ms)	N/A	Trials	41619
ElapsedTime(s)	47786	EstimatedLatency(ms)	N/A	Trials	41683
ElapsedTime(s)	47853	EstimatedLatency(ms)	N/A	Trials	41747
ElapsedTime(s)	47893	EstimatedLatency(ms)	N/A	Trials	41811
ElapsedTime(s)	47934	EstimatedLatency(ms)	N/A	Trials	41875
ElapsedTime(s)	48047	EstimatedLatency(ms)	N/A	Trials	41939
ElapsedTime(s)	48086	EstimatedLatency(ms)	N/A	Trials	42003
ElapsedTime(s)	48125	EstimatedLatency(ms)	N/A	Trials	42067
ElapsedTime(s)	48143	EstimatedLatency(ms)	N/A	Trials	42068
ElapsedTime(s)	48181	EstimatedLatency(ms)	N/A	Trials	42132
ElapsedTime(s)	48297	EstimatedLatency(ms)	N/A	Trials	42196
ElapsedTime(s)	48343	EstimatedLatency(ms)	N/A	Trials	42260
ElapsedTime(s)	48467	EstimatedLatency(ms)	N/A	Trials	42324
ElapsedTime(s)	48507	EstimatedLatency(ms)	N/A	Trials	42388
ElapsedTime(s)	48548	EstimatedLatency(ms)	N/A	Trials	42452
ElapsedTime(s)	48566	EstimatedLatency(ms)	N/A	Trials	42453
ElapsedTime(s)	48605	EstimatedLatency(ms)	N/A	Trials	42517
ElapsedTime(s)	48645	EstimatedLatency(ms)	N/A	Trials	42581
ElapsedTime(s)	48694	EstimatedLatency(ms)	N/A	Trials	42645
ElapsedTime(s)	48735	EstimatedLatency(ms)	N/A	Trials	42709
ElapsedTime(s)	48851	EstimatedLatency(ms)	N/A	Trials	42773
ElapsedTime(s)	48911	EstimatedLatency(ms)	N/A	Trials	42837
ElapsedTime(s)	48955	EstimatedLatency(ms)	N/A	Trials	42901
ElapsedTime(s)	48971	EstimatedLatency(ms)	N/A	Trials	42909
ElapsedTime(s)	49013	EstimatedLatency(ms)	N/A	Trials	42973
ElapsedTime(s)	49072	EstimatedLatency(ms)	N/A	Trials	43037
ElapsedTime(s)	49114	EstimatedLatency(ms)	N/A	Trials	43101
ElapsedTime(s)	49156	EstimatedLatency(ms)	N/A	Trials	43165
ElapsedTime(s)	49197	EstimatedLatency(ms)	N/A	Trials	43229
ElapsedTime(s)	49206	EstimatedLatency(ms)	N/A	Trials	43229
ElapsedTime(s)	49332	EstimatedLatency(ms)	N/A	Trials	43293
ElapsedTime(s)	49373	EstimatedLatency(ms)	N/A	Trials	43357
ElapsedTime(s)	49417	EstimatedLatency(ms)	N/A	Trials	43421
ElapsedTime(s)	49472	EstimatedLatency(ms)	N/A	Trials	43485
ElapsedTime(s)	49590	EstimatedLatency(ms)	N/A	Trials	43549
ElapsedTime(s)	49719	EstimatedLatency(ms)	N/A	Trials	43613
ElapsedTime(s)	49760	EstimatedLatency(ms)	N/A	Trials	43677
ElapsedTime(s)	49770	EstimatedLatency(ms)	N/A	Trials	43677
ElapsedTime(s)	49830	EstimatedLatency(ms)	N/A	Trials	43741
ElapsedTime(s)	49951	EstimatedLatency(ms)	N/A	Trials	43805
ElapsedTime(s)	49993	EstimatedLatency(ms)	N/A	Trials	43869
ElapsedTime(s)	50036	EstimatedLatency(ms)	N/A	Trials	43933
ElapsedTime(s)	50046	EstimatedLatency(ms)	N/A	Trials	43933
ElapsedTime(s)	50088	EstimatedLatency(ms)	N/A	Trials	43997
ElapsedTime(s)	50216	EstimatedLatency(ms)	N/A	Trials	44061
ElapsedTime(s)	50274	EstimatedLatency(ms)	N/A	Trials	44125
ElapsedTime(s)	50317	EstimatedLatency(ms)	N/A	Trials	44189
ElapsedTime(s)	50356	EstimatedLatency(ms)	N/A	Trials	44253
ElapsedTime(s)	50398	EstimatedLatency(ms)	N/A	Trials	44317
ElapsedTime(s)	50517	EstimatedLatency(ms)	N/A	Trials	44381
ElapsedTime(s)	50557	EstimatedLatency(ms)	N/A	Trials	44445
ElapsedTime(s)	50597	EstimatedLatency(ms)	N/A	Trials	44509
ElapsedTime(s)	50637	EstimatedLatency(ms)	N/A	Trials	44573
ElapsedTime(s)	50694	EstimatedLatency(ms)	N/A	Trials	44637
ElapsedTime(s)	50735	EstimatedLatency(ms)	N/A	Trials	44701
ElapsedTime(s)	50782	EstimatedLatency(ms)	N/A	Trials	44765
ElapsedTime(s)	50822	EstimatedLatency(ms)	N/A	Trials	44829
ElapsedTime(s)	50864	EstimatedLatency(ms)	N/A	Trials	44893
ElapsedTime(s)	50926	EstimatedLatency(ms)	N/A	Trials	44957
ElapsedTime(s)	51054	EstimatedLatency(ms)	N/A	Trials	45021
ElapsedTime(s)	51098	EstimatedLatency(ms)	N/A	Trials	45085
ElapsedTime(s)	51215	EstimatedLatency(ms)	N/A	Trials	45149
ElapsedTime(s)	51274	EstimatedLatency(ms)	N/A	Trials	45213
ElapsedTime(s)	51315	EstimatedLatency(ms)	N/A	Trials	45277
ElapsedTime(s)	51357	EstimatedLatency(ms)	N/A	Trials	45341
ElapsedTime(s)	51372	EstimatedLatency(ms)	N/A	Trials	45344
ElapsedTime(s)	51500	EstimatedLatency(ms)	N/A	Trials	45408
ElapsedTime(s)	51539	EstimatedLatency(ms)	N/A	Trials	45472
ElapsedTime(s)	51579	EstimatedLatency(ms)	N/A	Trials	45536
ElapsedTime(s)	51640	EstimatedLatency(ms)	N/A	Trials	45600
ElapsedTime(s)	51680	EstimatedLatency(ms)	N/A	Trials	45664
ElapsedTime(s)	51722	EstimatedLatency(ms)	N/A	Trials	45728
ElapsedTime(s)	51849	EstimatedLatency(ms)	N/A	Trials	45792
ElapsedTime(s)	51895	EstimatedLatency(ms)	N/A	Trials	45856
ElapsedTime(s)	51938	EstimatedLatency(ms)	N/A	Trials	45920
ElapsedTime(s)	51978	EstimatedLatency(ms)	N/A	Trials	45984
ElapsedTime(s)	52020	EstimatedLatency(ms)	N/A	Trials	46048
ElapsedTime(s)	52079	EstimatedLatency(ms)	N/A	Trials	46112
ElapsedTime(s)	52118	EstimatedLatency(ms)	N/A	Trials	46176
ElapsedTime(s)	52175	EstimatedLatency(ms)	N/A	Trials	46240
ElapsedTime(s)	52214	EstimatedLatency(ms)	N/A	Trials	46304
ElapsedTime(s)	52343	EstimatedLatency(ms)	N/A	Trials	46368
ElapsedTime(s)	52383	EstimatedLatency(ms)	N/A	Trials	46432
ElapsedTime(s)	52424	EstimatedLatency(ms)	N/A	Trials	46496
ElapsedTime(s)	52463	EstimatedLatency(ms)	N/A	Trials	46560
ElapsedTime(s)	52504	EstimatedLatency(ms)	N/A	Trials	46624
ElapsedTime(s)	52542	EstimatedLatency(ms)	N/A	Trials	46688
ElapsedTime(s)	52600	EstimatedLatency(ms)	N/A	Trials	46752
ElapsedTime(s)	52643	EstimatedLatency(ms)	N/A	Trials	46816
ElapsedTime(s)	52687	EstimatedLatency(ms)	N/A	Trials	46880
ElapsedTime(s)	52727	EstimatedLatency(ms)	N/A	Trials	46944
ElapsedTime(s)	52745	EstimatedLatency(ms)	N/A	Trials	46947
ElapsedTime(s)	52787	EstimatedLatency(ms)	N/A	Trials	47011
ElapsedTime(s)	52829	EstimatedLatency(ms)	N/A	Trials	47075
ElapsedTime(s)	52889	EstimatedLatency(ms)	N/A	Trials	47139
ElapsedTime(s)	52949	EstimatedLatency(ms)	N/A	Trials	47203
ElapsedTime(s)	52989	EstimatedLatency(ms)	N/A	Trials	47267
ElapsedTime(s)	53031	EstimatedLatency(ms)	N/A	Trials	47331
ElapsedTime(s)	53069	EstimatedLatency(ms)	N/A	Trials	47395
ElapsedTime(s)	53112	EstimatedLatency(ms)	N/A	Trials	47459
ElapsedTime(s)	53152	EstimatedLatency(ms)	N/A	Trials	47523
ElapsedTime(s)	53192	EstimatedLatency(ms)	N/A	Trials	47587
ElapsedTime(s)	53232	EstimatedLatency(ms)	N/A	Trials	47651
ElapsedTime(s)	53277	EstimatedLatency(ms)	N/A	Trials	47715
ElapsedTime(s)	53332	EstimatedLatency(ms)	N/A	Trials	47779
ElapsedTime(s)	53370	EstimatedLatency(ms)	N/A	Trials	47843
ElapsedTime(s)	53412	EstimatedLatency(ms)	N/A	Trials	47907
ElapsedTime(s)	53450	EstimatedLatency(ms)	N/A	Trials	47971
ElapsedTime(s)	53458	EstimatedLatency(ms)	N/A	Trials	47971
ElapsedTime(s)	53503	EstimatedLatency(ms)	N/A	Trials	48035
ElapsedTime(s)	53541	EstimatedLatency(ms)	N/A	Trials	48099
ElapsedTime(s)	53583	EstimatedLatency(ms)	N/A	Trials	48163
ElapsedTime(s)	53622	EstimatedLatency(ms)	N/A	Trials	48227
ElapsedTime(s)	53679	EstimatedLatency(ms)	N/A	Trials	48291
ElapsedTime(s)	53720	EstimatedLatency(ms)	N/A	Trials	48355
ElapsedTime(s)	53765	EstimatedLatency(ms)	N/A	Trials	48419
ElapsedTime(s)	53822	EstimatedLatency(ms)	N/A	Trials	48483
ElapsedTime(s)	53864	EstimatedLatency(ms)	N/A	Trials	48547
ElapsedTime(s)	53910	EstimatedLatency(ms)	N/A	Trials	48611
ElapsedTime(s)	53966	EstimatedLatency(ms)	N/A	Trials	48675
ElapsedTime(s)	54004	EstimatedLatency(ms)	N/A	Trials	48739
ElapsedTime(s)	54047	EstimatedLatency(ms)	N/A	Trials	48803
ElapsedTime(s)	54086	EstimatedLatency(ms)	N/A	Trials	48867
ElapsedTime(s)	54128	EstimatedLatency(ms)	N/A	Trials	48931
ElapsedTime(s)	54165	EstimatedLatency(ms)	N/A	Trials	48995
ElapsedTime(s)	54204	EstimatedLatency(ms)	N/A	Trials	49059
ElapsedTime(s)	54242	EstimatedLatency(ms)	N/A	Trials	49123
